데이터,라벨,1 평어,2 왕,3 신하
상언(上言)하였다,1,,,
없어졌습니다,3,,,
것입니다,3,,,
따랐다,1,,,
사면(赦免)하였다,1,,,
하교(下敎)하였다,1,,,
"""1",2,,,
것이다,2,,,
한다,2,,,
죄이겠는가,2,,,
것이다,2,,,
1,2,,,
인정(仁政)이다,2,,,
바로잡겠는가,2,,,
있겠는가,2,,,
적어졌다,1,,,
있다,1,,,
하였다,1,,,
것이다,1,,,
것이다,1,,,
1,1,,,
여긴다,1,,,
것이다,1,,,
1,1,,,
따른다,1,,,
않는다,1,,,
것이다,1,,,
들었다,1,,,
있었다,1,,,
상서(上書)하였다,1,,,
것입니다,3,,,
것입니다,3,,,
법입니다,3,,,
초기이겠습니까,3,,,
것입니다,3,,,
되었습니다,3,,,
것입니다,3,,,
이것입니다,3,,,
뜻입니다,3,,,
것입니다,3,,,
아니한다,2,,,
것입니다,3,,,
하소서,3,,,
하소서,3,,,
"""",1,,,
아뢰었다,1,,,
것입니다,3,,,
것입니다,3,,,
시행하소서,3,,,
말하였다,1,,,
하라,2,,,
"""",1,,,
맞이하였다,1,,,
전하였다,1,,,
부송하오,2,,,
일이겠는가,2,,,
그러하다,2,,,
때문인가,2,,,
것이다,2,,,
것이다,2,,,
것이다,2,,,
알리라,2,,,
보내오,2,,,
배하(拜賀)하였다,1,,,
하였다,1,,,
이러하였다,1,,,
지극하셨습니다,3,,,
때문입니다,3,,,
여깁니다,3,,,
갔습니다,3,,,
것이겠습니까,3,,,
생각했겠습니까,3,,,
어렵겠습니다,3,,,
바치겠습니다,3,,,
"""",1,,,
상소(上疏)하였다,1,,,
생깁니다,3,,,
청합니다,3,,,
죽었다,1,,,
명백합니다,3,,,
없습니다,3,,,
일렀다,2,,,
알겠는가,2,,,
말했겠는가,2,,,
않겠는가,2,,,
것이로다,2,,,
내렸다,2,,,
말라,2,,,
"""",1,,,
일렀다,2,,,
않았다,1,,,
때문인가,1,,,
"""",1,,,
내렸다,1,,,
가석(可惜)하다,1,,,
만하다,2,,,
것이다,1,,,
거행하라,2,,,
"""",1,,,
내렸다,1,,,
여긴다,2,,,
만하다,2,,,
거행하라,2,,,
"""",1,,,
상언(上言)하였다,1,,,
내쫓겼습니다,3,,,
경계하소서,3,,,
윤허하였다,1,,,
말하였다,1,,,
없겠구나,,,,
대답하였다,,,,
함입니다,,,,
말하였다,,,,
있다,,,,
"""",,,,
상소(上疏)하였다,,,,
요구하겠습니까,,,,
근원입니다,,,,
없습니다,,,,
근본입니다,,,,
것입니다,,,,
않겠습니까,,,,
목(目)입니다,,,,
있습니다,,,,
것입니다,,,,
있겠습니까,,,,
못하였습니다,,,,
것입니다,,,,
때문입니다,,,,
일이겠습니까,,,,
하소서,,,,
윤허하였다,,,,
아뢰었다,,,,
하였습니다,,,,
시행하옵소서,,,,
된다,,,,
여깁니다,,,,
있습니다,,,,
까닭입니다,,,,
격언(格言)입니다,,,,
바입니다,,,,
없습니다,,,,
하라,,,,
된다,,,,
했습니다,,,,
있겠습니까,,,,
된다,,,,
여깁니다,,,,
같습니다,,,,
됩니다,,,,
하소서,,,,
내쫓으소서,,,,
이르렀다,,,,
여깁니다,,,,
하소서,,,,
된다,,,,
여깁니다,,,,
한다,,,,
하였습니다,,,,
어긋납니다,,,,
하소서,,,,
된다,,,,
여깁니다,,,,
아니합니다,,,,
하소서,,,,
말하였다,,,,
하라,,,,
"""",,,,
내렸다,,,,
있었다,,,,
크다,,,,
있겠는가,,,,
것이다,,,,
"""",,,,
아뢰었다,,,,
않았습니다,,,,
하소서,,,,
따랐다,,,,
맞이하였다,,,,
전달하였다,,,,
이러하였다,,,,
않는다,,,,
않는다,,,,
아니다,,,,
것이다,,,,
것이다,,,,
하라,,,,
하였소,,,,
보내오,,,,
전달하였다,,,,
이러하였다,,,,
하오,,,,
있었겠는가,,,,
것이오,,,,
버렸소,,,,
않았소,,,,
것이오,,,,
하오,,,,
하례하였다,,,,
하였다,,,,
이러하였다,,,,
복이다,,,,
것이다,,,,
하였습니다,,,,
없었습니다,,,,
간절합니다,,,,
일입니다,,,,
바라옵니다,,,,
아뢰었었다,,,,
않겠습니까,,,,
기뻐하였다,,,,
베풀었다,,,,
일컬었었다,,,,
아뢰었다,,,,
것입니다,,,,
하였다,,,,
올렸다,,,,
이러하였다,,,,
것입니다,,,,
거행합니다,,,,
구비하였습니다,,,,
하였습니다,,,,
하였습니다,,,,
만했습니다,,,,
것입니다,,,,
바라옵니다,,,,
이러하였다,,,,
것입니다,,,,
끼쳤습니다,,,,
실천하였습니다,,,,
법도[懿範]였습니다,,,,
어렵겠습니다,,,,
간절합니다,,,,
바라옵니다,,,,
이러하였다,,,,
것입니다,,,,
올립니다,,,,
주었습니다,,,,
구비하였습니다,,,,
전하였습니다,,,,
것입니다,,,,
주소서,,,,
이러하였다,,,,
것입니다,,,,
하였습니다,,,,
부합하였습니다,,,,
밝힙니다,,,,
현양(顯揚)합니다,,,,
주소서,,,,
"""",,,,
상서(上書)하였다,,,,
원기(元氣)입니다,,,,
것입니다,,,,
길(吉)합니다,,,,
마소서,,,,
좁아집니다,,,,
뜻입니다,,,,
것입니다,,,,
것입니다,,,,
것입니다,,,,
내렸다,,,,
하라,,,,
"""",,,,
아뢰었다,,,,
것입니다,,,,
하였습니다,,,,
"""",,,,
청하였다,,,,
이러하였다,,,,
이유입니다,,,,
아닙니다,,,,
것입니다,,,,
바라옵니다,,,,
것입니다,,,,
것입니다,,,,
것입니다,,,,
것입니다,,,,
그쳐졌습니다,,,,
넉넉해졌습니다,,,,
그쳐졌습니다,,,,
되었습니다,,,,
되었습니다,,,,
막혀졌습니다,,,,
까닭입니다,,,,
조공하였습니다,,,,
변하여졌습니다,,,,
하였습니다,,,,
하였습니다,,,,
돌아왔습니다,,,,
아니하였습니다,,,,
되었습니다,,,,
되겠습니까,,,,
것입니다,,,,
바입니다,,,,
세웠겠습니까,,,,
하였겠습니까,,,,
하였겠습니까,,,,
하였겠습니까,,,,
강론하였겠습니까,,,,
하였겠습니까,,,,
건의(建議)하였겠습니까,,,,
것입니다,,,,
이유이요,,,,
이유입니다,,,,
다행하겠습니다,,,,
있었겠습니까,,,,
중대합니다,,,,
감당하겠습니까,,,,
하소서,,,,
것입니다,,,,
바이옵니다,,,,
없습니다,,,,
품겠습니까,,,,
뿐입니다,,,,
복준다,,,,
것이다,,,,
까닭입니다,,,,
보답하겠습니다,,,,
아니하였다,,,,
하였다,,,,
이러하였다,,,,
못하겠습니다,,,,
어렵겠습니다,,,,
하였습니다,,,,
같습니다,,,,
생각했겠습니까,,,,
없습니다,,,,
뿐이었습니다,,,,
되었습니다,,,,
다하겠습니다,,,,
"""",,,,
내렸다,,,,
하라,,,,
"""",,,,
명령하였다,,,,
것이다,,,,
것이다,,,,
하라,,,,
"""",,,,
상소(上疏)하였다,,,,
바입니다,,,,
출척(黜陟)하였겠습니까,,,,
것입니다,,,,
것입니다,,,,
적겠습니까,,,,
버리겠습니까,,,,
것입니다,,,,
것입니다,,,,
것입니다,,,,
하겠습니까,,,,
것입니다,,,,
말하였다,,,,
하라,,,,
"""",,,,
내렸다,,,,
여긴다,,,,
없다,,,,
한다,,,,
것이다,,,,
하라,,,,
"""",,,,
말하였다,,,,
같은가,,,,
"""",,,,
누구이겠는가,,,,
하였다,,,,
얻었습니다,,,,
것이다,,,,
있었다,,,,
못하였다,,,,
일어난다,,,,
되었다,,,,
되었다,,,,
말하였다,,,,
바랍니다,,,,
높이었다,,,,
하시오,,,,
하였다,,,,
없었다,,,,
하였다,,,,
뿐이다,,,,
있겠는가,,,,
일어나겠지,,,,
하였다,,,,
갔었다,,,,
아닌가,,,,
일렀다,,,,
것이다,,,,
"""",,,,
올랐다,,,,
아뢰었다,,,,
청합니다,,,,
세웠습니다,,,,
없겠습니까,,,,
흘러내리었다,,,,
재결(裁決)하였다,,,,
삼았다,,,,
있었다,,,,
없다,,,,
말리었다,,,,
가버렸다,,,,
잃었다,,,,
불렀다,,,,
권고하였다,,,,
뿐입니다,,,,
떠나셨습니다,,,,
것입니다,,,,
물러났습니다,,,,
폐(廢)해졌습니다,,,,
있었습니다,,,,
배반했다,,,,
것입니다,,,,
못하겠습니까,,,,
되겠습니다,,,,
않았습니다,,,,
한다,,,,
것입니다,,,,
없었습니다,,,,
갔습니다,,,,
부응하소서,,,,
않는다,,,,
감당하겠는가,,,,
아니하였다,,,,
되었다,,,,
받았다,,,,
생각했겠는가,,,,
보좌하라,,,,
하였다,,,,
돌아왔다,,,,
올랐다,,,,
아뢰었다,,,,
청합니다,,,,
세웠습니다,,,,
없겠습니까,,,,
흘러내리었다,,,,
재결(裁決)하였다,,,,
삼았다,,,,
있었다,,,,
없다,,,,
말리었다,,,,
가버렸다,,,,
잃었다,,,,
불렀다,,,,
권고하였다,,,,
뿐입니다,,,,
떠나셨습니다,,,,
것입니다,,,,
물러났습니다,,,,
폐(廢)해졌습니다,,,,
있었습니다,,,,
배반했다,,,,
것입니다,,,,
못하겠습니까,,,,
되겠습니다,,,,
않았습니다,,,,
한다,,,,
것입니다,,,,
없었습니다,,,,
갔습니다,,,,
부응하소서,,,,
않는다,,,,
감당하겠는가,,,,
아니하였다,,,,
되었다,,,,
받았다,,,,
생각했겠는가,,,,
보좌하라,,,,
하였다,,,,
돌아왔다,,,,
청하였다,,,,
이르렀습니다,,,,
되었습니다,,,,
없었습니다,,,,
베었습니다,,,,
없었습니다,,,,
하였습니다,,,,
없었습니다,,,,
하소서,,,,
"""",,,,
상소(上疏)하였다,,,,
되었습니다,,,,
아아,,,,
하겠습니까,,,,
않겠습니까,,,,
’하였습니다,,,,
없습니다,,,,
이유입니다,,,,
근원입니다,,,,
있습니다,,,,
삼으소서,,,,
일입니다,,,,
것입니다,,,,
하소서,,,,
일입니다,,,,
것입니다,,,,
것입니다,,,,
일입니다,,,,
예,,,,
예,,,,
소인입니다,,,,
어렵습니다,,,,
초래하였습니다,,,,
않겠습니까,,,,
것이다,,,,
하소서,,,,
일입니다,,,,
것이다,,,,
격언(格言)입니다,,,,
것입니다,,,,
것입니다,,,,
용이하겠습니까,,,,
됩니다,,,,
것입니다,,,,
말라,,,,
된다,,,,
두소서,,,,
일입니다,,,,
미워한다,,,,
않습니까,,,,
것입니다,,,,
때문이다,,,,
것입니다,,,,
일입니다,,,,
말라,,,,
일뿐이겠습니까,,,,
없습니다,,,,
두렵습니다,,,,
일입니다,,,,
행실입니다,,,,
소비하겠습니까,,,,
바입니다,,,,
하소서,,,,
것입니다,,,,
일입니다,,,,
되었습니다,,,,
자들입니다,,,,
아니었습니다,,,,
일입니다,,,,
하소서,,,,
일입니다,,,,
법입니다,,,,
있었습니다,,,,
없습니다,,,,
하소서,,,,
일입니다,,,,
것입니다,,,,
못합니다,,,,
하소서,,,,
것입니다,,,,
깊습니다,,,,
것입니다,,,,
것입니다,,,,
것입니다,,,,
것입니다,,,,
것입니다,,,,
것입니다,,,,
다행이겠습니다,,,,
말하였다,,,,
시행하겠다,,,,
"""",,,,
말하였다,,,,
하라,,,,
"""",,,,
상소하였다,,,,
이르렀습니다,,,,
귀양보내소서,,,,
하였다,,,,
내리었다,,,,
이르노라,,,,
한다,,,,
떳떳함이다,,,,
끊어졌습니다,,,,
있겠습니까,,,,
하소서,,,,
하였다,,,,
있습니다,,,,
없습니다,,,,
한다,,,,
열거(列擧)한다,,,,
하라,,,,
1,,,,
제도이다,,,,
것이다,,,,
1,,,,
것이다,,,,
1,,,,
것이다,,,,
아니다,,,,
것이다,,,,
것이다,,,,
1,,,,
것이다,,,,
1,,,,
없다,,,,
것이다,,,,
1,,,,
것이다,,,,
것이다,,,,
1,,,,
것이다,,,,
것이다,,,,
1,,,,
많다,,,,
것이다,,,,
1,,,,
것이다,,,,
1,,,,
민망스럽다,,,,
것이다,,,,
1,,,,
처지이다,,,,
것이다,,,,
1,,,,
것이다,,,,
1,,,,
것이다,,,,
1,,,,
아니다,,,,
것이다,,,,
1,,,,
것이다,,,,
1,,,,
것이다,,,,
1,,,,
것입니다,,,,
것이다,,,,
것이다,,,,
않았다,,,,
바쳤다,,,,
이르겠는가,,,,
말라,,,,
하였다,,,,
말하였다,,,,
말라,,,,
아니하였다,,,,
말하였다,,,,
여긴다,,,,
것이다,,,,
얻겠는가,,,,
것이다,,,,
모의(謀議)하겠는가,,,,
되었다,,,,
되었다,,,,
하였다,,,,
대답하였다,,,,
것이다,,,,
못하였다,,,,
상서(上書)하였다,,,,
것입니다,,,,
거행하소서,,,,
청합니다,,,,
하소서,,,,
삼겠습니까,,,,
청합니다,,,,
것입니다,,,,
것입니다,,,,
내렸다,,,,
아뢰라,,,,
"""",,,,
상서(上書)하였다,,,,
있습니다,,,,
하소서,,,,
윤허(允許)하였다,,,,
상언(上言)하였다,,,,
없습니다,,,,
않았습니다,,,,
하소서,,,,
따랐다,,,,
상서(上書)하였다,,,,
있습니다,,,,
마소서,,,,
꺼내었는가,,,,
꺼내었습니다,,,,
뿐이다,,,,
말라,,,,
"""",,,,
상소(上疏)하였다,,,,
여기옵니다,,,,
어떻겠습니까,,,,
없습니다,,,,
되었습니다,,,,
됩니다,,,,
것이옵니다,,,,
것입니다,,,,
소속시키소서,,,,
하였다,,,,
하였다,,,,
하였다,,,,
않았다,,,,
어렵도다,,,,
만하다,,,,
것이다,,,,
크다,,,,
시행하라,,,,
"""",,,,
삼았다,,,,
낫겠다,,,,
사람인가,,,,
없었다,,,,
좋습니다,,,,
세웠다,,,,
머물었다,,,,
하였다,,,,
명령하였다,,,,
것이다,,,,
"""",,,,
죽었다,,,,
말하였다,,,,
까닭인가,,,,
아들이다,,,,
이르렀다,,,,
아니하였다,,,,
이르렀다,,,,
폄출되었다,,,,
소환(召還)되었다,,,,
아니하였다,,,,
지적하였다,,,,
승진되었다,,,,
삼았다,,,,
당하였다,,,,
돌아왔다,,,,
폄출(貶黜)되었다,,,,
46세였다,,,,
이차점(李次點)·이차약(李次若)·이차건(李次騫)·이차삼(李次參)이다,,,,
되었다,,,,
적절(適切)하다,,,,
없었다,,,,
하였다,,,,
반행(頒行)시켰다,,,,
하였다,,,,
아들이다,,,,
이르렀다,,,,
임명되었다,,,,
비난하였다,,,,
폄출(貶黜)되었다,,,,
입었다,,,,
32세였다,,,,
이숙야(李叔野)·이숙휴(李叔畦)·이숙당(李叔當)·이숙묘(李叔畝)·이숙복(李叔福)·이숙치(李叔畤)이다,,,,
맏아들이다,,,,
승진되었다,,,,
죽었다,,,,
39세였다,,,,
우성범(禹成範)·우승범(禹承範)·우흥범(禹興範)·우희범(禹希範)이다,,,,
보호하였다,,,,
주었다,,,,
이르렀다,,,,
정도전(鄭道傳)이다,,,,
원망하였다,,,,
없었다,,,,
하였다,,,,
하였다,,,,
하겠는가,,,,
말라,,,,
하였다,,,,
못하다,,,,
하였다,,,,
따랐다,,,,
것이다,,,,
아뢰었다,,,,
탄식하였다,,,,
풀어주었다,,,,
상언(上言)하였다,,,,
말라,,,,
있겠습니까,,,,
소속시키소서,,,,
따랐다,,,,
말하였다,,,,
삼았습니다,,,,
"""",,,,
하였다,,,,
올립니다,,,,
15년이었습니다,,,,
하였습니다,,,,
돌이켰습니다,,,,
하였습니다,,,,
없었습니다,,,,
하였습니다,,,,
되겠다,,,,
추대하였습니다,,,,
못하겠습니다,,,,
하소서,,,,
"""",,,,
보냈다,,,,
내렸다,,,,
있다,,,,
있다,,,,
되겠도다,,,,
하라,,,,
것이다,,,,
것이다,,,,
하라,,,,
내렸다,,,,
있다,,,,
뿐이다,,,,
책임지겠는가,,,,
보고하라,,,,
것이다,,,,
것이다,,,,
것이다,,,,
"""",,,,
상언(上言)하였다,,,,
"""1",,,,
하소서,,,,
1,,,,
하소서,,,,
1,,,,
하소서,,,,
허락하였다,,,,
상언(上言)하였다,,,,
같습니다,,,,
것입니다,,,,
같습니다,,,,
것입니다,,,,
같습니다,,,,
것입니다,,,,
같습니다,,,,
하소서,,,,
주었다,,,,
상소(上疏)하였다,,,,
있습니다,,,,
되었습니다,,,,
하소서,,,,
말하였다,,,,
되었다,,,,
두겠는가,,,,
있겠는가,,,,
하였다,,,,
상소하였다,,,,
탄핵했습니다,,,,
없습니다,,,,
귀양보냈다,,,,
하였다,,,,
이르렀다,,,,
들었습니다,,,,
어렵습니다,,,,
바라옵니다,,,,
하였다,,,,
상언(上言)하였다,,,,
저버리겠습니까,,,,
시행하소서,,,,
1,,,,
있습니다,,,,
됩니다,,,,
하소서,,,,
1,,,,
합니다,,,,
하소서,,,,
1,,,,
같았습니다,,,,
여깁니다,,,,
바로잡으소서,,,,
1,,,,
어두워졌습니다,,,,
못했습니다,,,,
못하였습니다,,,,
명백합니다,,,,
것입니다,,,,
것입니다,,,,
1,,,,
것입니다,,,,
하였습니다,,,,
못됩니다,,,,
하소서,,,,
1,,,,
근본입니다,,,,
걱정하겠습니까,,,,
하소서,,,,
1,,,,
직책입니다,,,,
없습니다,,,,
것입니다,,,,
것입니다,,,,
하소서,,,,
1,,,,
덕입니다,,,,
됩니다,,,,
기틀입니다,,,,
하소서,,,,
1,,,,
않았습니다,,,,
하소서,,,,
1,,,,
이익되겠습니까,,,,
있겠습니까,,,,
하소서,,,,
1,,,,
제도입니다,,,,
없겠습니까,,,,
하소서,,,,
1,,,,
제도입니다,,,,
방어하겠습니까,,,,
하소서,,,,
"""",,,,
상언(上言)하였다,,,,
"""1",,,,
1,,,,
1,,,,
1,,,,
1,,,,
1,,,,
1,,,,
1,,,,
1,,,,
1,,,,
1,,,,
1,,,,
1,,,,
1,,,,
1,,,,
1,,,,
1,,,,
1,,,,
1,,,,
어긋납니다,,,,
1,,,,
1,,,,
1,,,,
것입니다,,,,
따랐다,,,,
아뢰었다,,,,
주소서,,,,
말하였다,,,,
것이다,,,,
있겠는가,,,,
않다,,,,
아뢰었다,,,,
불가하겠습니까,,,,
말하였다,,,,
말인가,,,,
말하였다,,,,
없었다,,,,
않았다,,,,
것이다,,,,
"""",,,,
내렸다,,,,
하라,,,,
"""",,,,
맹세하였다,,,,
이러하였다,,,,
고합니다,,,,
이루었습니다,,,,
없습니다,,,,
드물다,,,,
있습니다,,,,
것입니다,,,,
것입니다,,,,
"""",,,,
쳤다,,,,
아뢰었다,,,,
좋습니다,,,,
말하였다,,,,
쓰겠는가,,,,
아뢰었다,,,,
있겠습니까,,,,
말하였다,,,,
말라,,,,
"""",,,,
아뢰었다,,,,
됩니다,,,,
하소서,,,,
받아들였다,,,,
상언(上言)하였다,,,,
편이었습니다,,,,
않습니다,,,,
하소서,,,,
말하였다,,,,
옳겠는가,,,,
"""",,,,
내리었다,,,,
있었다,,,,
하였다,,,,
않았었다,,,,
되었다,,,,
것이다,,,,
여긴다,,,,
하라,,,,
"""",,,,
상언(上言)하였다,,,,
없습니다,,,,
됩니다,,,,
하소서,,,,
따르다,,,,
아뢰었다,,,,
하십니까,,,,
마옵소서,,,,
말하였다,,,,
믿었겠는가,,,,
대답하였다,,,,
때문입니다,,,,
말하였다,,,,
말인가,,,,
말라,,,,
"""",,,,
일렀다,,,,
말라,,,,
것이다,,,,
"""",,,,
보고하였다,,,,
베었습니다,,,,
하였다,,,,
진현(進見)하였다,,,,
되겠다,,,,
되었다,,,,
주었다,,,,
청하였다,,,,
하였다,,,,
말하였다,,,,
교환했겠는가,,,,
것이다,,,,
하라,,,,
"""",,,,
올렸다,,,,
"""1",,,,
것입니다,,,,
2,,,,
여깁니다,,,,
3,,,,
4,,,,
5,,,,
것입니다,,,,
하소서,,,,
따랐다,,,,
아뢰었다,,,,
여기옵니다,,,,
합니다,,,,
말하였다,,,,
말하겠는가,,,,
이유인가,,,,
"""",,,,
하였다,,,,
상언(上言)하였다,,,,
있습니다,,,,
못합니다,,,,
하였다,,,,
기뻐하였다,,,,
되었다,,,,
하였다,,,,
장계(狀啓)하였다,,,,
마소서,,,,
말하였다,,,,
하라,,,,
"""",,,,
탄핵하였다,,,,
않는다,,,,
했습니다,,,,
않았습니다,,,,
없습니다,,,,
권려(勸勵)하소서,,,,
하였다,,,,
명하였다,,,,
하라,,,,
"""",,,,
상언(上言)하였다,,,,
논죄(論罪)하소서,,,,
윤허하였다,,,,
보다가,,,,
하였다,,,,
있다,,,,
하였다,,,,
이르렀는가,,,,
허가하였다,,,,
두었었다,,,,
삼았었다,,,,
현저하였었다,,,,
못하였다,,,,
것이었다,,,,
상언하였다,,,,
없습니다,,,,
있습니다,,,,
하소서,,,,
하였다,,,,
입었다,,,,
받았다,,,,
바쳤다,,,,
내렸다,,,,
헌수(獻壽)하였다,,,,
올립니다,,,,
불렀다,,,,
파(罷)하였다,,,,
구경하였다,,,,
보고하였다,,,,
하소서,,,,
"""",,,,
내리었다,,,,
하라,,,,
"""",,,,
찾았습니다,,,,
바쳤다,,,,
명령하였다,,,,
하라,,,,
"""",,,,
상언(上言)하였다,,,,
과죄(科罪)하소서,,,,
명령하였다,,,,
하라,,,,
"""",,,,
대답하였다,,,,
없습니다,,,,
"""",,,,
행하였다,,,,
이러하였다,,,,
하라,,,,
하였소,,,,
하오,,,,
내렸다,,,,
이르노라,,,,
되었다,,,,
보고하라,,,,
청하였다,,,,
하라,,,,
하였소,,,,
하였다,,,,
경하(慶賀)하겠는가,,,,
복(福)이다,,,,
것이다,,,,
것이다,,,,
아아,,,,
것이다,,,,
"""",,,,
하였다,,,,
주었습니다,,,,
넘쳤습니다,,,,
필적(匹敵)하셨습니다,,,,
시작되었습니다,,,,
다하겠습니다,,,,
"""",,,,
있던가,,,,
알리던가,,,,
없었다,,,,
것이다,,,,
본뜻이겠는가,,,,
없었다,,,,
있겠습니까,,,,
보시옵소서,,,,
치겠습니다,,,,
하였다,,,,
것이다,,,,
때문이다,,,,
하겠는가,,,,
하였다,,,,
없습니다,,,,
청하였다,,,,
가자,,,,
있겠습니까,,,,
하였다,,,,
유숙(留宿)하였다,,,,
상언(上言)하였다,,,,
하소서,,,,
하였다,,,,
상언(上言)하였다,,,,
허가하소서,,,,
따랐다,,,,
아뢰었다,,,,
해당됩니다,,,,
따랐다,,,,
상언(上言)하였다,,,,
없애라,,,,
하소서,,,,
말하였다,,,,
하라,,,,
"""",,,,
보고하였다,,,,
하소서,,,,
"""",,,,
명령하였다,,,,
것이다,,,,
"""",,,,
하였다,,,,
청하였다,,,,
아깝습니다,,,,
있습니다,,,,
하였다,,,,
갔다,,,,
있으시오,,,,
하였다,,,,
없습니다,,,,
하였다,,,,
하였는가,,,,
그만두었다,,,,
하였다,,,,
상언(上言)하였다,,,,
허가한다,,,,
되었습니다,,,,
말하였다,,,,
이유인가,,,,
하라,,,,
"""",,,,
하였다,,,,
하였다,,,,
없다,,,,
대답하였다,,,,
하였다,,,,
하였다,,,,
알겠습니다,,,,
뿐이었습니다,,,,
못하겠습니다,,,,
치우쳤습니다,,,,
어렵겠습니다,,,,
것입니다,,,,
간절하겠습니다,,,,
송납(送納)하였다,,,,
보고하였다,,,,
도착하였습니다,,,,
하였다,,,,
전지(傳旨)하였다,,,,
"""1",,,,
1,,,,
1,,,,
1,,,,
하라,,,,
내렸다,,,,
보고하였다,,,,
있습니다,,,,
"""",,,,
전지(傳旨)하였다,,,,
쓰겠는가,,,,
것이다,,,,
하였다,,,,
아뢰었다,,,,
하소서,,,,
윤허하였다,,,,
보고하였다,,,,
왔습니다,,,,
사람이었다,,,,
용서한다,,,,
않다,,,,
해치겠는가,,,,
같다,,,,
되었다,,,,
사례하였다,,,,
말하였다,,,,
하라,,,,
"""",,,,
참말인가,,,,
무성해집니다,,,,
기뻐하였다,,,,
아뢰었다,,,,
감당하겠습니까,,,,
하소서,,,,
말하였다,,,,
하는가,,,,
조심하라,,,,
"""",,,,
거행하였다,,,,
"""1",,,,
죽였소,,,,
못하겠는가,,,,
1,,,,
1,,,,
없었소,,,,
1,,,,
1,,,,
하였소,,,,
가지이다,,,,
아아,,,,
되었소,,,,
평정하였소,,,,
되었소,,,,
근절되었소,,,,
일으키는가,,,,
것이오,,,,
것이오,,,,
사람이다,,,,
아뢰었다,,,,
하소서,,,,
말하였다,,,,
아니다,,,,
끼치겠는가,,,,
아니하였다,,,,
명하였다,,,,
없었다,,,,
다르겠는가,,,,
하였다,,,,
대답하겠습니까,,,,
뿐이다,,,,
하였다,,,,
하였다,,,,
전지하였다,,,,
아니하다,,,,
것이다,,,,
여긴다,,,,
시행하라,,,,
하였다,,,,
내리었다,,,,
만하다,,,,
것이다,,,,
"""",,,,
하였다,,,,
있겠느냐,,,,
것이다,,,,
일렀다,,,,
것이다,,,,
즐기겠는가,,,,
좋다,,,,
"""",,,,
갔다,,,,
없다,,,,
하였다,,,,
말하였다,,,,
하라,,,,
"""",,,,
말하였다,,,,
표합니다,,,,
"""",,,,
하였다,,,,
이러하였다,,,,
없사옵니다,,,,
없사옵니다,,,,
하였습니다,,,,
없었습니다,,,,
있겠습니까,,,,
일어납니다,,,,
것입니다,,,,
다하겠습니다,,,,
"""",,,,
하였다,,,,
됩니다,,,,
되었습니다,,,,
바입니다,,,,
없었습니다,,,,
보고한다,,,,
있다,,,,
건너갔다,,,,
것들이라,,,,
하였소,,,,
없다,,,,
하였습니다,,,,
않겠습니까,,,,
있습니다,,,,
있겠습니까,,,,
있었겠습니까,,,,
꾀겠습니까,,,,
뿐입니다,,,,
발송(發送)하겠습니다,,,,
하였습니다,,,,
보내겠습니다,,,,
아뢰옵니다,,,,
것입니다,,,,
급급한가,,,,
황공하옵니다,,,,
않았습니다,,,,
있겠습니까,,,,
것입니다,,,,
받았습니다,,,,
있었습니다,,,,
생각하였겠습니까,,,,
일으키겠습니까,,,,
없습니다,,,,
축원하겠습니다,,,,
"""",,,,
상언(上言)하였다,,,,
않습니다,,,,
하소서,,,,
가두었다,,,,
하였다,,,,
것이다,,,,
한다,,,,
계문(啓聞)하오,,,,
하였다,,,,
것이었다,,,,
졸(卒)하였다,,,,
하였다,,,,
아들이다,,,,
썼다,,,,
아니하였다,,,,
바쳤다,,,,
이러하였다,,,,
것이다,,,,
어렵겠구나,,,,
삼았다,,,,
방어하였다,,,,
죽었다,,,,
없다,,,,
하였다,,,,
상서(上書)하였다,,,,
것입니다,,,,
여긴다,,,,
같다,,,,
하소서,,,,
"""",,,,
왔다,,,,
하였다,,,,
하였다,,,,
60필이다,,,,
80필이다,,,,
"""",,,,
것인가,,,,
일인가,,,,
명하였다,,,,
마라,,,,
"""",,,,
아뢰었다,,,,
되었습니다,,,,
하소서,,,,
윤허하였다,,,,
보고하였다,,,,
패전하였습니다,,,,
말하였다,,,,
것이다,,,,
것이다,,,,
하라,,,,
"""",,,,
상언(上言)하였다,,,,
사무입니다,,,,
하소서,,,,
윤허하였다,,,,
명하였다,,,,
하라,,,,
"""",,,,
아뢰었다,,,,
않습니다,,,,
"""",,,,
않았다,,,,
것입니다,,,,
벗었다,,,,
일렀다,,,,
무례하다,,,,
하라,,,,
"""",,,,
내리었다,,,,
않다,,,,
거행하라,,,,
"""",,,,
내리었다,,,,
것이다,,,,
이해하였다,,,,
이르겠는가,,,,
되었다,,,,
것이다,,,,
거행하라,,,,
"""",,,,
올리었다,,,,
된다,,,,
하였습니다,,,,
것입니다,,,,
것입니다,,,,
합치되었다,,,,
것입니다,,,,
정제(整齊)하십시오,,,,
마십시오,,,,
것입니다,,,,
지극하였습니다,,,,
없습니다,,,,
것입니다,,,,
없습니다,,,,
바치옵니다,,,,
1,,,,
몽금척(夢金尺),,,,
고지식하다,,,,
되었다,,,,
것입니다,,,,
맞으셨습니다,,,,
적합하였습니다,,,,
상서(祥瑞)입니다,,,,
미치겠습니다,,,,
1,,,,
수보록(受寶籙),,,,
지었습니다,,,,
글이었습니다,,,,
보좌하겠는가,,,,
전한다,,,,
하였습니다,,,,
1,,,,
많았습니다,,,,
정하였습니다,,,,
하였습니다,,,,
같습니다,,,,
따랐습니다,,,,
보전했습니다,,,,
전하겠습니다,,,,
대단했습니다,,,,
되었습니다,,,,
누리겠습니다,,,,
됩니다,,,,
되었습니다,,,,
필적(匹敵)하겠습니다,,,,
하였다,,,,
바치었다,,,,
"""1",,,,
납씨곡(納氏曲),,,,
쳐들어왔습니다,,,,
없었습니다,,,,
부딪쳤습니다,,,,
미쳤습니다,,,,
달려갔습니다,,,,
만했습니다,,,,
없었습니다,,,,
전하겠습니다,,,,
것임,,,,
1,,,,
궁수분곡(窮獸奔曲),,,,
갈라졌습니다,,,,
숨었습니다,,,,
빼앗겼습니다,,,,
청명(淸明)하여졌습니다,,,,
편안하여졌습니다,,,,
것임,,,,
1,,,,
정동방곡(靖東方曲),,,,
아아,,,,
도적질했습니다,,,,
누구인가,,,,
죽였습니다,,,,
하였습니다,,,,
전하겠습니다,,,,
것임,,,,
"""",,,,
내리었다,,,,
것이다,,,,
거행하라,,,,
"""",,,,
아뢰었다,,,,
합니다,,,,
하였습니다,,,,
"""",,,,
내리었다,,,,
만하다,,,,
거행하라,,,,
"""",,,,
내리었다,,,,
있겠는가,,,,
거행하라,,,,
"""",,,,
청하였다,,,,
가시오,,,,
"""",,,,
상서(上書)하였다,,,,
되었습니다,,,,
하소서,,,,
하였다,,,,
내리었다,,,,
방법이다,,,,
일컬었다,,,,
훼방하겠는가,,,,
않는다,,,,
하겠는가,,,,
만하다,,,,
거행하라,,,,
"""",,,,
돌아왔다,,,,
되었다,,,,
왔다,,,,
명령하였다,,,,
하라,,,,
"""",,,,
내리었다,,,,
않다,,,,
거행하라,,,,
"""",,,,
내리었다,,,,
하라,,,,
"""",,,,
내리었다,,,,
거행하라,,,,
"""",,,,
보냈다,,,,
보냈다,,,,
없다,,,,
없었습니다,,,,
했습니다,,,,
있겠습니까,,,,
아닙니다,,,,
보냅니다,,,,
"""",,,,
상서(上書)하였다,,,,
하소서,,,,
아니하였다,,,,
전송하였다,,,,
하였다,,,,
한다,,,,
됩니다,,,,
간절합니다,,,,
못했습니다,,,,
제거하였습니다,,,,
바입니다,,,,
축원하겠습니다,,,,
"""",,,,
아뢰었다,,,,
염려합니다,,,,
이유인가,,,,
없습니다,,,,
것입니다,,,,
주었다,,,,
하였다,,,,
이러하였다,,,,
힘입었다,,,,
하라,,,,
없었습니다,,,,
된다,,,,
되었습니다,,,,
포학하였습니다,,,,
되었습니다,,,,
사양했습니다,,,,
삼았습니다,,,,
생각하였습니다,,,,
사랑하였습니다,,,,
모함(謀陷)하였습니다,,,,
없었습니다,,,,
되었습니다,,,,
기뻐하였습니다,,,,
명령이다,,,,
하였습니다,,,,
고치는가,,,,
보고하라,,,,
하라,,,,
하였습니다,,,,
것입니다,,,,
황고조(皇高祖)입니다,,,,
하였습니다,,,,
하였습니다,,,,
하였습니다,,,,
되었습니다,,,,
46세였습니다,,,,
하였습니다,,,,
지극하였습니다,,,,
시집갔습니다,,,,
하였습니다,,,,
어립니다,,,,
봉해졌습니다,,,,
장가갔습니다,,,,
없었습니다,,,,
것입니다,,,,
융성(隆盛)하겠습니다,,,,
아아,,,,
일이로다,,,,
깊었습니다,,,,
이르렀습니다,,,,
차지하였습니다,,,,
않았습니다,,,,
선포하였습니다,,,,
하였습니다,,,,
것이다,,,,
않겠는가,,,,
하였습니다,,,,
존속하겠습니다,,,,
경사입니다,,,,
아니옵니다,,,,
것입니다,,,,
"""",,,,
하였다,,,,
이러하였다,,,,
없습니다,,,,
되었습니다,,,,
돌아왔습니다,,,,
바랐습니다,,,,
한다,,,,
되었습니다,,,,
하였습니다,,,,
하소서,,,,
"""",,,,
아뢰었다,,,,
조회하라,,,,
하였습니다,,,,
"""",,,,
상언(上言)하였다,,,,
터이다,,,,
땅이라,,,,
이행(移幸)하소서,,,,
하였다,,,,
이러하였다,,,,
회답합니다,,,,
됩니다,,,,
지극하오,,,,
일입니다,,,,
아니리오,,,,
바라오,,,,
"""",,,,
상소하였다,,,,
마소서,,,,
"""",,,,
말하였다,,,,
합니다,,,,
요점입니다,,,,
없습니다,,,,
열거합니다,,,,
1,,,,
것입니다,,,,
것,,,,
1,,,,
것,,,,
1,,,,
한다,,,,
올린다,,,,
것,,,,
1,,,,
것,,,,
1,,,,
것,,,,
1,,,,
준다,,,,
하소서,,,,
하였다,,,,
돌아왔다,,,,
왔다,,,,
보냈다,,,,
전송하였다,,,,
위함이라,,,,
하더라,,,,
황제,,,,
있었다,,,,
깨끗하였다,,,,
달려갔다,,,,
지나갔다,,,,
물었다,,,,
누구냐,,,,
대답하였다,,,,
없습니다,,,,
"""",,,,
장신(狀申)하였다,,,,
것입니다,,,,
것입니다,,,,
하겠습니다,,,,
것입니다,,,,
하소서,,,,
따랐다,,,,
하였다,,,,
말하였다,,,,
것이다,,,,
못하다,,,,
말했다,,,,
말하였다,,,,
말했습니다,,,,
말하였다,,,,
사람들이다,,,,
누구냐,,,,
것이다,,,,
하였다,,,,
이러하였다,,,,
여깁니다,,,,
바입니다,,,,
빌겠나이다,,,,
"""",,,,
아뢰었다,,,,
하소서,,,,
따랐다,,,,
하였다,,,,
아뢰었다,,,,
쓰겠습니까,,,,
하소서,,,,
따랐다,,,,
말하였다,,,,
건너겠습니까,,,,
중지하였다,,,,
끼었다,,,,
메웠다,,,,
아뢰었다,,,,
없겠습니까,,,,
굽어살피소서,,,,
중지하였다,,,,
상소하였다,,,,
것입니다,,,,
것입니다,,,,
있습니다,,,,
것입니다,,,,
같겠습니까,,,,
것입니다,,,,
윤허하였다,,,,
이러하였다,,,,
고하나이다,,,,
것입니다,,,,
것입니다,,,,
정하라,,,,
것이라,,,,
하였습니다,,,,
누리겠나이다,,,,
이러하였다,,,,
이르노라,,,,
물귀신이여,,,,
하였다,,,,
때문이다,,,,
3년이라,,,,
가지리라,,,,
바이다,,,,
"""",,,,
전지(傳旨)하였다,,,,
하라,,,,
"""",,,,
맞이하였다,,,,
이러하였다,,,,
이르렀다,,,,
것이다,,,,
되었다,,,,
일이다,,,,
한다,,,,
받았다,,,,
한다,,,,
사실이다,,,,
것이다,,,,
"""",,,,
명령하였다,,,,
옳겠는가,,,,
것이다,,,,
"""",,,,
가두었다,,,,
자백[伏罪]하였다,,,,
낫겠는가,,,,
사람인가,,,,
하였습니다,,,,
하였다,,,,
거둥하였다,,,,
이러하였다,,,,
납니다,,,,
없었습니다,,,,
않겠습니까,,,,
없다,,,,
하였습니다,,,,
아닙니다,,,,
은혜이옵니다,,,,
준수(遵守)하겠습니다,,,,
축원하겠습니다,,,,
"""",,,,
개유(開諭)하였다,,,,
어찌했겠는가,,,,
것이다,,,,
것이다,,,,
있어서랴,,,,
말라,,,,
"""",,,,
청하였다,,,,
없겠습니다,,,,
처단하소서,,,,
말하였다,,,,
도모했겠는가,,,,
없다,,,,
귀양보내었다,,,,
상서(上書)하였다,,,,
상전(常典)입니다,,,,
있습니다,,,,
계책이라,,,,
하였습니다,,,,
없습니다,,,,
있습니다,,,,
것입니다,,,,
것입니다,,,,
아니겠습니까,,,,
것입니다,,,,
것입니다,,,,
있겠습니까,,,,
있습니다,,,,
옳겠습니다,,,,
하였다,,,,
아뢰었다,,,,
옮기소서,,,,
것입니다,,,,
방비하소서,,,,
하였다,,,,
못하겠는가,,,,
하라,,,,
명령하였다,,,,
하라,,,,
"""",,,,
명령하였다,,,,
말라,,,,
"""",,,,
당하였다,,,,
어떻겠는가,,,,
제거하겠는가,,,,
하였다,,,,
것이었다,,,,
장계(狀啓)하였다,,,,
하소서,,,,
하였다,,,,
전송하였다,,,,
이러하였다,,,,
않는가,,,,
있다,,,,
않았었다,,,,
있겠는가,,,,
것이다,,,,
일으키겠습니까,,,,
행하겠습니까,,,,
없습니다,,,,
고조(高祖)였습니다,,,,
않았습니다,,,,
왔습니다,,,,
못하였습니다,,,,
취(取)하였습니다,,,,
공격하였습니다,,,,
당했습니다,,,,
당하였습니다,,,,
얻었습니다,,,,
명백합니다,,,,
용서하겠습니까,,,,
초래하겠습니까,,,,
것입니다,,,,
주문(奏聞)합니다,,,,
있다,,,,
됩니다,,,,
있었겠습니까,,,,
있다,,,,
것입니다,,,,
것인가,,,,
없다,,,,
했습니다,,,,
떠났습니다,,,,
매매(賣買)합니다,,,,
살상(殺傷)하였다,,,,
되었다,,,,
하였습니다,,,,
살상(殺傷)하였겠습니까,,,,
있겠습니까,,,,
일입니다,,,,
생각됩니다,,,,
어렵겠습니다,,,,
것입니다,,,,
같겠는가,,,,
업신여기겠습니까,,,,
없다,,,,
징조이다,,,,
하라,,,,
없었습니다,,,,
된다,,,,
제폐하라,,,,
하였다,,,,
알았습니다,,,,
것이겠습니까,,,,
것이다,,,,
있겠는가,,,,
아닙니다,,,,
"""",,,,
상언(上言)하였다,,,,
의리입니다,,,,
없습니다,,,,
여기옵니다,,,,
다행이옵니까,,,,
꾀한다,,,,
것입니다,,,,
것입니다,,,,
다행하겠습니다,,,,
아니하였다,,,,
아뢰었다,,,,
것입니다,,,,
유시(諭示)하였다,,,,
하라,,,,
않는가,,,,
하는가,,,,
대답하였다,,,,
때문입니다,,,,
"""",,,,
아뢰었다,,,,
없습니다,,,,
것입니다,,,,
부합(符合)합니다,,,,
말하였다,,,,
한다,,,,
"""",,,,
청하였다,,,,
때문이옵니다,,,,
범하였다,,,,
하소서,,,,
아니하였다,,,,
상언(上言)하였다,,,,
없습니다,,,,
때문입니다,,,,
이유입니까,,,,
격언입니다,,,,
덕이옵니다,,,,
정리(定理)입니다,,,,
것입니다,,,,
때문입니다,,,,
사람들입니다,,,,
것입니다,,,,
있습니다,,,,
있었겠습니까,,,,
까닭입니다,,,,
바입니다,,,,
하소서,,,,
아니하였다,,,,
된다,,,,
돌아가라,,,,
않겠다,,,,
주었다,,,,
보았다,,,,
것입니다,,,,
명운(命運)이다,,,,
하였습니다,,,,
하였다,,,,
좋습니다,,,,
명운입니다,,,,
하였습니다,,,,
하였다,,,,
명운입니다,,,,
하였습니다,,,,
하였다,,,,
만합니다,,,,
좋습니다,,,,
두었습니다,,,,
하였다,,,,
보고하였다,,,,
잡았습니다,,,,
주었다,,,,
상서(上書)하였다,,,,
없습니다,,,,
것입니다,,,,
있습니다,,,,
있습니다,,,,
하였습니다,,,,
바입니다,,,,
것입니다,,,,
때문입니다,,,,
것입니다,,,,
같습니다,,,,
올립니다,,,,
1,,,,
1,,,,
1,,,,
것입니다,,,,
증거입니다,,,,
1,,,,
같습니다,,,,
것입니다,,,,
1,,,,
아닙니다,,,,
1,,,,
1,,,,
1,,,,
계책이었습니다,,,,
것입니다,,,,
따랐다,,,,
명운(命運)이다,,,,
합디다,,,,
말하였습니다,,,,
말하였다,,,,
있겠는가,,,,
쇠진하였습니다,,,,
어떠한가,,,,
천박(淺薄)합니다,,,,
하였습니다,,,,
어떠한가,,,,
것입니다,,,,
어떠한가,,,,
것입니다,,,,
하였습니다,,,,
"""",,,,
상언(上言)하였다,,,,
없습니다,,,,
말하였다,,,,
그럴듯하다,,,,
있겠는가,,,,
"""",,,,
내리었다,,,,
여기었다,,,,
생각하였다,,,,
없다,,,,
여긴다,,,,
하라,,,,
"""",,,,
명령하였다,,,,
것이다,,,,
"""",,,,
올리었다,,,,
상심(傷心)했습니다,,,,
죄입니다,,,,
됩니다,,,,
엄격했습니다,,,,
염려됩니다,,,,
없습니다,,,,
하소서,,,,
살피소서,,,,
하였다,,,,
상언(上言)하였다,,,,
하시오,,,,
인정하였습니다,,,,
하소서,,,,
따랐다,,,,
말하였다,,,,
것이다,,,,
명령하였다,,,,
것이다,,,,
어떻겠는가,,,,
하소서,,,,
여기었다,,,,
보고하였다,,,,
죽였습니다,,,,
주었다,,,,
말하였다,,,,
마시오,,,,
꾀합니다,,,,
하였습니다,,,,
말하였다,,,,
하던가,,,,
‘액운(厄運)이라,,,,
하던가,,,,
쇠진하다,,,,
오라,,,,
쇠진하다,,,,
하였습니다,,,,
"""",,,,
장계(狀啓)하였다,,,,
하소서,,,,
따랐다,,,,
없습니다,,,,
않겠는가,,,,
말하였다,,,,
말라,,,,
것이다,,,,
"""",,,,
졸(卒)하였다,,,,
아들이다,,,,
되었다,,,,
번창하겠구나,,,,
천직(遷職)되었다,,,,
되었다,,,,
흩어졌다,,,,
되었다,,,,
제사지내었다,,,,
되었다,,,,
이르렀다,,,,
하였다,,,,
보전하였다,,,,
없었다,,,,
삼았다,,,,
71세였다,,,,
내리었다,,,,
이르렀다,,,,
보고하였다,,,,
돌아갔습니다,,,,
"""",,,,
상언(上言)하였다,,,,
하소서,,,,
따랐다,,,,
고하였다,,,,
한다,,,,
합니다,,,,
들었습니다,,,,
가두었다,,,,
고하였다,,,,
없습니다,,,,
말하였다,,,,
아니다,,,,
어찌하겠는가,,,,
없음에랴,,,,
있겠는가,,,,
하겠는가,,,,
뿐이다,,,,
"""",,,,
보냈다,,,,
아뢰었다,,,,
청합니다,,,,
말하였다,,,,
있겠는가,,,,
"""",,,,
장계(狀啓)하였다,,,,
하소서,,,,
따랐다,,,,
계(啓)하였다,,,,
하소서,,,,
따랐다,,,,
상소하였다,,,,
당했사옵니다,,,,
없습니다,,,,
일으켰습니다,,,,
두렵습니다,,,,
세운다,,,,
다행하겠습니다,,,,
하는가,,,,
두었다,,,,
아뢰었다,,,,
쓰겠습니까,,,,
하소서,,,,
많아졌습니다,,,,
하소서,,,,
하소서,,,,
따랐다,,,,
아뢰었다,,,,
원하옵니다,,,,
말하였다,,,,
이유인가,,,,
되었다,,,,
명하였다,,,,
하라,,,,
없다,,,,
계문(啓聞)하라,,,,
하소서,,,,
하였다,,,,
것입니다,,,,
전지(傳旨)하였다,,,,
사유(赦宥)한다,,,,
보내었다,,,,
전지하였다,,,,
운수이요,,,,
아시오,,,,
교살하였다,,,,
말하였다,,,,
말라,,,,
"""",,,,
상언(上言)하였다,,,,
말라,,,,
때문입니다,,,,
것입니다,,,,
의논하소서,,,,
받아들였다,,,,
들어왔다,,,,
이러하였다,,,,
하였습니다,,,,
하라,,,,
하였습니다,,,,
것입니다,,,,
13명입니다,,,,
엄인(閹人)이었다,,,,
상서(上書)하였다,,,,
것입니다,,,,
것입니다,,,,
하였다,,,,
전하였다,,,,
합니다,,,,
받았다,,,,
이러하였다,,,,
하였습니다,,,,
하라,,,,
것입니다,,,,
베풀었다,,,,
이었다,,,,
아뢰었다,,,,
어렵겠습니다,,,,
아니다,,,,
하였다,,,,
하였다,,,,
이러하였다,,,,
왔다,,,,
잡아갔습니다,,,,
것입니다,,,,
하소서,,,,
"""",,,,
바치었다,,,,
전송하였다,,,,
이유인가,,,,
죽겠다,,,,
피하였다,,,,
있겠습니까,,,,
그치었다,,,,
하였다,,,,
여기었다,,,,
상언(上言)하였다,,,,
하소서,,,,
것입니다,,,,
하소서,,,,
따랐다,,,,
돌아갔다,,,,
말하였다,,,,
한다,,,,
것이다,,,,
요새지이다,,,,
같다,,,,
고하라,,,,
것이다,,,,
없습니다,,,,
했습니다,,,,
피난왔습니다,,,,
당했습니다,,,,
것입니다,,,,
아닙니다,,,,
것입니다,,,,
것입니다,,,,
것입니다,,,,
것입니다,,,,
것입니다,,,,
것입니다,,,,
않았겠습니까,,,,
여기소서,,,,
"""",,,,
상언(上言)하였다,,,,
청합니다,,,,
말하였다,,,,
하라,,,,
"""",,,,
간통했다,,,,
달아났다,,,,
분부하였다,,,,
주리라,,,,
아뢰었다,,,,
하시겠습니까,,,,
말하였다,,,,
주리라,,,,
말하였다,,,,
것입니다,,,,
찾습니까,,,,
"""",,,,
일렀다,,,,
없다,,,,
대답하였다,,,,
사양하겠습니까,,,,
말하였다,,,,
있겠는가,,,,
말하였다,,,,
죽겠습니까,,,,
청하였다,,,,
상언(上言)하였다,,,,
것입니다,,,,
않습니다,,,,
하소서,,,,
말하였다,,,,
하라,,,,
"""",,,,
상언하였다,,,,
것입니다,,,,
하소서,,,,
허락하였다,,,,
전교(傳敎)하였다,,,,
것이다,,,,
내리리라,,,,
까닭이라,,,,
하라,,,,
못했다,,,,
한다,,,,
두려워하겠는가,,,,
잊겠는가,,,,
도우라,,,,
한다,,,,
하라,,,,
대답하였다,,,,
않겠습니까,,,,
하소서,,,,
말하였다,,,,
하소서,,,,
아뢰겠습니다,,,,
분부하였다,,,,
알리라,,,,
"""",,,,
아뢰었다,,,,
것입니다,,,,
하소서,,,,
따랐다,,,,
교유(敎諭)하였다,,,,
아닙니다,,,,
알리라,,,,
아뢰었다,,,,
합니다,,,,
말하였다,,,,
하라,,,,
"""",,,,
이러하였다,,,,
하라,,,,
하나이다,,,,
이루었습니다,,,,
돌아왔습니니다,,,,
돌아왔습니다,,,,
한다,,,,
못하겠노라,,,,
것입니다,,,,
시행하라,,,,
돌아왔습니다,,,,
줄이야,,,,
흐릅니다,,,,
유치(留置)시키겠습니까,,,,
생각합니다,,,,
없습니다,,,,
알았겠습니까,,,,
있었겠습니까,,,,
빌겠습니다,,,,
"""",,,,
아뢰었다,,,,
어렵습니다,,,,
교정하소서,,,,
따랐다,,,,
교유(敎諭)하였다,,,,
까닭이다,,,,
하라,,,,
"""",,,,
아뢰었다,,,,
하소서,,,,
따랐다,,,,
말하였다,,,,
말라,,,,
"""",,,,
상서(上書)하였다,,,,
않습니다,,,,
따랐다,,,,
장계하였다,,,,
일입니다,,,,
하소서,,,,
따랐다,,,,
장계(狀啓)하였다,,,,
무너졌습니다,,,,
것입니다,,,,
것입니다,,,,
하소서,,,,
따랐다,,,,
아뢰었다,,,,
됩니다,,,,
"""",,,,
하였다,,,,
이러하였다,,,,
돌아왔습니다,,,,
없습니다,,,,
"""",,,,
상언(上言)하였다,,,,
없습니다,,,,
것입니다,,,,
하소서,,,,
따랐다,,,,
장계하였다,,,,
하소서,,,,
말하였다,,,,
어떤가,,,,
하라,,,,
"""",,,,
못했다,,,,
꾸짖었다,,,,
경계해야겠다,,,,
"""",,,,
말하였다,,,,
태워버렸습니다,,,,
돌아가겠습니다,,,,
바쳤다,,,,
하였다,,,,
말하였다,,,,
없습니다,,,,
말하였다,,,,
보아라,,,,
물었다,,,,
못하냐,,,,
대답하였다,,,,
못합니다,,,,
말하였다,,,,
좋으냐,,,,
대답하였다,,,,
못하겠습니다,,,,
말하였다,,,,
것인가,,,,
못하였느냐,,,,
대답하였다,,,,
모릅니다,,,,
말하였다,,,,
했겠느냐,,,,
보아라,,,,
대답하였다,,,,
옮겼습니다,,,,
합니다,,,,
말하였다,,,,
알리라,,,,
일렀다,,,,
하였었다,,,,
까닭이다,,,,
하라,,,,
상서하였다,,,,
다음입니다,,,,
유숙하였다,,,,
말하였다,,,,
해결하리라,,,,
행차하였다,,,,
말하였다,,,,
일입니다,,,,
있겠습니까,,,,
곳입니다,,,,
있다,,,,
했습니다,,,,
아닙니다,,,,
같습니다,,,,
좋겠습니다,,,,
않았겠습니까,,,,
말하였다,,,,
않습니다,,,,
있겠습니까,,,,
합니다,,,,
있겠습니까,,,,
합니다,,,,
"""",,,,
말하였다,,,,
뿐입니다,,,,
것입니다,,,,
말씀드렸습니다,,,,
것입니다,,,,
없습니다,,,,
"""",,,,
말하였다,,,,
땅이라,,,,
하였습니다,,,,
것입니다,,,,
하라,,,,
임하라,,,,
‘무산(毋山)이라,,,,
것입니다,,,,
것입니다,,,,
한다,,,,
것입니다,,,,
의논하겠습니까,,,,
것입니다,,,,
생각합니다,,,,
"""",,,,
말하였다,,,,
"""1",,,,
아닙니다,,,,
1,,,,
모르겠습니다,,,,
위함이라,,,,
말하겠습니다,,,,
전하였습니다,,,,
대신하였습니다,,,,
아닙니다,,,,
됩니다,,,,
같았습니다,,,,
있습니다,,,,
1,,,,
하였습니다,,,,
없었겠습니까,,,,
아닙니다,,,,
1,,,,
있습니까,,,,
생각합니다,,,,
1,,,,
것입니다,,,,
1,,,,
말입니다,,,,
없겠습니까,,,,
하소서,,,,
"""",,,,
물었다,,,,
어떠냐,,,,
대답하였다,,,,
것뿐입니다,,,,
말하였다,,,,
없겠는가,,,,
곳이다,,,,
것이다,,,,
물었다,,,,
"""어떠냐",,,,
대답하였다,,,,
만합니다,,,,
결정하소서,,,,
말하였다,,,,
좋습니다,,,,
말하였다,,,,
못합니다,,,,
결정하였다,,,,
말하였다,,,,
근사합니다,,,,
말하였다,,,,
되겠는가,,,,
대답하였다,,,,
있습니다,,,,
유숙하였다,,,,
헌수(獻壽)하였다,,,,
미치겠는가,,,,
흘렸다,,,,
유숙하였다,,,,
말하였다,,,,
말인가,,,,
맞이하였다,,,,
아뢰었다,,,,
없습니다,,,,
바랍니다,,,,
따랐다,,,,
상신(上申)하였다,,,,
없었습니다,,,,
없었습니다,,,,
되었습니다,,,,
것입니다,,,,
합니다,,,,
하였다,,,,
상소하였다,,,,
것이겠습니까,,,,
것입니다,,,,
것입니다,,,,
것입니다,,,,
것입니다,,,,
것입니다,,,,
것입니다,,,,
하겠습니다,,,,
하옵니다,,,,
1,,,,
하라,,,,
말라,,,,
것입니다,,,,
본다,,,,
하였습니다,,,,
일입니다,,,,
같습니다,,,,
것입니다,,,,
1,,,,
사랑하라,,,,
말라,,,,
것입니다,,,,
감복하였습니다,,,,
하소서,,,,
1,,,,
비슷해졌습니다,,,,
유법(遺法)입니다,,,,
것입니다,,,,
아닙니다,,,,
있습니다,,,,
것입니다,,,,
것입니다,,,,
1,,,,
되었습니다,,,,
분분합니다,,,,
것입니다,,,,
1,,,,
논하였다,,,,
합니다,,,,
칭송하였습니다,,,,
참고하소서,,,,
것입니다,,,,
밝히소서,,,,
1,,,,
없습니다,,,,
시행하소서,,,,
1,,,,
없습니다,,,,
있습니다,,,,
경계하소서,,,,
1,,,,
좋아하였다,,,,
하였다,,,,
했습니다,,,,
것입니다,,,,
까닭입니다,,,,
마음입니다,,,,
마소서,,,,
1,,,,
것입니다,,,,
같습니다,,,,
있겠습니까,,,,
것입니다,,,,
1,,,,
직분입니다,,,,
뿐입니다,,,,
저버리겠습니까,,,,
있었습니다,,,,
것입니다,,,,
"""",,,,
상소하였다,,,,
뜻입니다,,,,
것입니다,,,,
자입니다,,,,
마소서,,,,
것입니다,,,,
살피소서,,,,
"""",,,,
분부하였다,,,,
보고하라,,,,
"""",,,,
이러하였다,,,,
말씀드리나이다,,,,
바입니다,,,,
흐릅니다,,,,
아니하였습니다,,,,
것입니다,,,,
기쁩니다,,,,
비나이다,,,,
바치었다,,,,
보고하였다,,,,
권장하소서,,,,
윤허하였다,,,,
아뢰었다,,,,
하소서,,,,
따랐다,,,,
이러하였다,,,,
돌아가라,,,,
계셨다,,,,
돌아왔다,,,,
합니다,,,,
두렵다,,,,
하옵소서,,,,
"""",,,,
잡혔다,,,,
것이다,,,,
대답하였다,,,,
다스려지오,,,,
마소서,,,,
것입니다,,,,
추라,,,,
추었다,,,,
파하였다,,,,
종헌(終獻)하였다,,,,
받았다,,,,
것이었다,,,,
드렸다,,,,
내렸다,,,,
이르노라,,,,
하라,,,,
한다,,,,
여겼노라,,,,
석방하라,,,,
아아,,,,
기록하노라,,,,
1,,,,
있다,,,,
하라,,,,
1,,,,
주라,,,,
일이다,,,,
썼겠는가,,,,
말라,,,,
하라,,,,
1,,,,
하라,,,,
하라,,,,
1,,,,
함이었다,,,,
바이다,,,,
하라,,,,
1,,,,
염려한다,,,,
하라,,,,
1,,,,
근원이다,,,,
염려된다,,,,
하라,,,,
환궁하였다,,,,
보았다,,,,
베풀었다,,,,
바이다,,,,
것이었다,,,,
않았다,,,,
하였다,,,,
올렸다,,,,
하였다,,,,
말하였다,,,,
곳입니다,,,,
합니다,,,,
없었습니다,,,,
주심이옵니다,,,,
하라,,,,
모시리라,,,,
하옵니다,,,,
삼가라,,,,
것이겠습니까,,,,
것입니다,,,,
말씀드립니다,,,,
강녕(康寧)입니다,,,,
것입니다,,,,
것입니다,,,,
것입니다,,,,
것입니다,,,,
삼가하는구나,,,,
하는구나,,,,
했습니다,,,,
징험이옵니다,,,,
것입니다,,,,
전하리이다,,,,
했습니다,,,,
합니다,,,,
것입니다,,,,
법입니다,,,,
있겠습니까,,,,
것입니다,,,,
멀다,,,,
것이다,,,,
하리오,,,,
된다,,,,
것입니다,,,,
청합니다,,,,
이치입니다,,,,
일이겠습니까,,,,
않는다,,,,
하라,,,,
생긴다,,,,
하라,,,,
것이다,,,,
한다,,,,
바입니다,,,,
됩니다,,,,
없다,,,,
하겠는가,,,,
두텁다,,,,
이것입니다,,,,
되겠습니까,,,,
것입니다,,,,
한다,,,,
것입니다,,,,
한다,,,,
청하옵니다,,,,
것입니다,,,,
것입니다,,,,
한가지입니다,,,,
것입니다,,,,
것입니다,,,,
것입니다,,,,
"""",,,,
말하였다,,,,
하소서,,,,
"""",,,,
하였다,,,,
이러하였다,,,,
【휘(諱),,,,
추대하였습니다,,,,
하느냐,,,,
알리라,,,,
만하니,,,,
하였습니다,,,,
못하겠다,,,,
하옵소서,,,,
"""",,,,
이러하였다,,,,
아뢰라,,,,
"""",,,,
아뢰었다,,,,
합니다,,,,
옳겠습니다,,,,
따랐다,,,,
이첩(移牒)하였다,,,,
보고하라,,,,
"""",,,,
전교하였다,,,,
된다,,,,
하라,,,,
"""",,,,
상언(上言)하였다,,,,
하옵니다,,,,
것입니다,,,,
있겠습니까,,,,
어렵습니다,,,,
없습니다,,,,
고치겠습니까,,,,
하십니까,,,,
때입니다,,,,
것입니다,,,,
안정되었습니다,,,,
것입니다,,,,
막으소서,,,,
하소서,,,,
하였다,,,,
따랐다,,,,
상서(上書)하였다,,,,
하라,,,,
보라,,,,
하였습니다,,,,
것입니다,,,,
것입니다,,,,
있습니다,,,,
주달하겠습니까,,,,
하소서,,,,
말하였다,,,,
없다,,,,
하라,,,,
"""",,,,
아뢰었다,,,,
갔습니다,,,,
않느냐,,,,
하였습니다,,,,
아뢰었다,,,,
있느냐,,,,
유배시켰다,,,,
말하였다,,,,
하라,,,,
"""",,,,
보고하였다,,,,
99세입니다,,,,
이르렀습니다,,,,
하였다,,,,
참예하였다,,,,
지나친다,,,,
부끄럽다,,,,
대답하였다,,,,
것입니다,,,,
"""",,,,
말하였다,,,,
하라,,,,
"""",,,,
말하였다,,,,
하라,,,,
있었다,,,,
아뢰었다,,,,
것입니다,,,,
되겠습니다,,,,
하였다,,,,
탄핵하였다,,,,
하소서,,,,
말하였다,,,,
말라,,,,
"""",,,,
상소하였다,,,,
못하옵니다,,,,
주겠습니까,,,,
것입니다,,,,
윤허하였다,,,,
졸(卒)하였다,,,,
후손이다,,,,
계승하겠습니다,,,,
갔다,,,,
되었다,,,,
되었다,,,,
되었다,,,,
옮겼다,,,,
까닭이었다,,,,
74세였다,,,,
말하였다,,,,
없구나,,,,
칭찬하였다,,,,
훌륭하였다,,,,
말라,,,,
않았다,,,,
변계량(卞季良)이다,,,,
있다,,,,
이러하였다,,,,
것입니다,,,,
것입니다,,,,
없습니다,,,,
혁파하소서,,,,
말하였다,,,,
말라,,,,
"""",,,,
내리었다,,,,
때문이다,,,,
있겠는가,,,,
있다,,,,
바이다,,,,
아아,,,,
것이다,,,,
받을지어다,,,,
내리었다,,,,
것이다,,,,
한다,,,,
명시하였다,,,,
바이다,,,,
아아,,,,
있다하겠다,,,,
않으랴,,,,
받을지어다,,,,
"""",,,,
한다,,,,
보이었다,,,,
말하였다,,,,
지극합니다,,,,
것입니다,,,,
하소서,,,,
허락하였다,,,,
아뢰었다,,,,
편리하겠습니다,,,,
따랐다,,,,
상언(上言)하였다,,,,
것입니다,,,,
것입니다,,,,
충군(充軍)하소서,,,,
하소서,,,,
따랐다,,,,
하였다,,,,
없습니다,,,,
때문입니다,,,,
쓰겠습니까,,,,
뿐입니다,,,,
것입니다,,,,
하등입니다,,,,
되겠습니까,,,,
것입니다,,,,
것이었다,,,,
안치(安置)하였다,,,,
없다,,,,
때문이었다,,,,
때문이었다,,,,
명령하였다,,,,
여긴다,,,,
하라,,,,
"""",,,,
명하였다,,,,
것이다,,,,
하라,,,,
"""",,,,
말하였다,,,,
말라,,,,
"""",,,,
안다,,,,
말하였다,,,,
같습니다,,,,
것입니다,,,,
섞입니다,,,,
있습니다,,,,
같습니다,,,,
합니다,,,,
옳겠습니까,,,,
살피소서,,,,
"""",,,,
상언(上言)하였다,,,,
않겠습니까,,,,
생각하소서,,,,
말하였다,,,,
말이냐,,,,
않았다,,,,
참예하였다,,,,
올리었다,,,,
깨달았도다,,,,
"""",,,,
살폈다,,,,
올리었다,,,,
못하옵니다,,,,
말하였다,,,,
우는가,,,,
그만두었다,,,,
상서하였다,,,,
된다,,,,
것입니다,,,,
쓰겠습니까,,,,
뿐입니다,,,,
없습니다,,,,
없습니다,,,,
나오겠습니까,,,,
것입니다,,,,
말하였다,,,,
하였다,,,,
일이겠느냐,,,,
아뢰라,,,,
아뢰었다,,,,
하소서,,,,
따랐다,,,,
졸(卒)하였다,,,,
아들이다,,,,
좋아하였다,,,,
이르렀다,,,,
없다,,,,
하였다,,,,
물었다,,,,
하였다,,,,
되었다,,,,
있었다,,,,
없었다,,,,
내었다,,,,
이르렀다,,,,
태워버렸다,,,,
섬멸하였다,,,,
되었다,,,,
것이다,,,,
제수하였다,,,,
추증(追贈)하였다,,,,
최해산(崔海山)이다,,,,
주라,,,,
하였다,,,,
법이었다,,,,
있다,,,,
이러하였다,,,,
두려워하노라,,,,
한다,,,,
것이다,,,,
하라,,,,
"""",,,,
상소하였다,,,,
의심이옵니다,,,,
것입니다,,,,
것입니다,,,,
마음이여,,,,
말씀이여,,,,
하였습니다,,,,
하였습니다,,,,
전하였습니다,,,,
못하였습니다,,,,
것입니다,,,,
일이겠습니까,,,,
아닙니다,,,,
까닭이옵니다,,,,
바입니다,,,,
있습니다,,,,
바입니다,,,,
것입니다,,,,
바입니다,,,,
주소서,,,,
말하였다,,,,
것이다,,,,
청하였다,,,,
것이다,,,,
올리라,,,,
"""",,,,
상언(上言)하였다,,,,
하옵니다,,,,
일어납니다,,,,
것입니다,,,,
것입니다,,,,
것입니다,,,,
있겠습니까,,,,
것입니다,,,,
것뿐입니다,,,,
두렵습니다,,,,
있겠습니까,,,,
하소서,,,,
합니다,,,,
생각하소서,,,,
아니하였다,,,,
상소하였다,,,,
것입니다,,,,
것입니다,,,,
하라,,,,
않는다,,,,
방책입니다,,,,
방법입니다,,,,
아니하옵니까,,,,
하옵니다,,,,
있습니다,,,,
뿐이겠습니까,,,,
이릅니다,,,,
삼으소서,,,,
따랐다,,,,
상언(上言)하였다,,,,
드리옵니다,,,,
원수입니다,,,,
죽였습니다,,,,
평안하여졌습니다,,,,
것입니다,,,,
것입니다,,,,
없습니다,,,,
하옵니다,,,,
아니하였다,,,,
상언(上言)하였다,,,,
까닭입니다,,,,
것입니다,,,,
것입니다,,,,
것입니다,,,,
다릅니다,,,,
됩니다,,,,
따랐다,,,,
말하였다,,,,
있다,,,,
삼았다,,,,
말하였다,,,,
하소서,,,,
"""",,,,
보고하였다,,,,
정표(旌表)하소서,,,,
따랐다,,,,
처하였다,,,,
한다,,,,
것이다,,,,
때문이었다,,,,
상언(上言)하였다,,,,
없습니다,,,,
않았다,,,,
된다,,,,
하였습니다,,,,
없습니다,,,,
비슷하였습니다,,,,
없습니다,,,,
있습니까,,,,
하소서,,,,
아닙니다,,,,
감동되겠습니까,,,,
하소서,,,,
"""",,,,
처하였다,,,,
모의한다,,,,
올려보냈다,,,,
청하였다,,,,
의심하겠는가,,,,
하였다,,,,
상언(上言)하였다,,,,
하소서,,,,
하였다,,,,
말하였다,,,,
없습니다,,,,
"""",,,,
돌아왔다,,,,
이러하다,,,,
올립니다,,,,
뿐입니다,,,,
없습니다,,,,
염려됩니다,,,,
낫다,,,,
헤아리소서,,,,
않겠습니다,,,,
받았습니다,,,,
같습니다,,,,
없습니다,,,,
기원하겠습니다,,,,
살피소서,,,,
못합니다,,,,
"""",,,,
유배시켰다,,,,
말하였다,,,,
여겼다,,,,
까닭이냐,,,,
대답하였다,,,,
않겠습니까,,,,
분부하였다,,,,
상언(上言)하였다,,,,
하소서,,,,
하소서,,,,
"""",,,,
아뢰었다,,,,
심하옵니다,,,,
하소서,,,,
"""",,,,
아뢰었다,,,,
이러하다,,,,
있습니다,,,,
하소서,,,,
방비하소서,,,,
것입니다,,,,
아픕니다,,,,
하소서,,,,
윤허하였다,,,,
말하였다,,,,
하라,,,,
이문(移文)하였다,,,,
하라,,,,
하라,,,,
하라,,,,
"""",,,,
하였다,,,,
이러하였다,,,,
휘(諱),,,,
왔다,,,,
것이다,,,,
것이냐,,,,
알라,,,,
황공하옵니다,,,,
하였다,,,,
알았습니다,,,,
되었습니다,,,,
합니다,,,,
"""",,,,
만났다,,,,
예의겠는가,,,,
되었다,,,,
용서하였다,,,,
전교하였다,,,,
하라,,,,
삼았다,,,,
어떠냐,,,,
없습니다,,,,
하였다,,,,
보고하였다,,,,
죽였습니다,,,,
"""",,,,
분부하였다,,,,
하라,,,,
사람이다,,,,
칭찬하였다,,,,
사람이다,,,,
않았다,,,,
있는가,,,,
않았다,,,,
다하였다,,,,
칭찬하였다,,,,
사람이다,,,,
않았다,,,,
마쳤다,,,,
않았다,,,,
않았다,,,,
하였다,,,,
절부이었다,,,,
하였다,,,,
마소서,,,,
윤허하였다,,,,
졸(卒)하였다,,,,
아들이다,,,,
이르렀다,,,,
말하였다,,,,
주시오,,,,
삼았다,,,,
못하였다,,,,
죽었다,,,,
있다,,,,
보내었다,,,,
죽었다,,,,
하라,,,,
하였다,,,,
하였습니다,,,,
모릅니다,,,,
하였습니다,,,,
못하였습니다,,,,
보고하였습니다,,,,
하였습니다,,,,
압송하나이다,,,,
"""",,,,
사은(謝恩)하였다,,,,
이러하였다,,,,
한다,,,,
적다,,,,
한다,,,,
사실이다,,,,
않는다,,,,
돌려보낸다,,,,
경사입니다,,,,
하옵니다,,,,
보내었다,,,,
깊습니다,,,,
"""",,,,
상소하였다,,,,
것입니다,,,,
것입니다,,,,
것입니다,,,,
지극하였습니다,,,,
까닭입니다,,,,
되었습니다,,,,
있겠습니까,,,,
아니겠습니까,,,,
것입니다,,,,
하소서,,,,
따랐다,,,,
돌아왔다,,,,
이러하였다,,,,
없다,,,,
한다,,,,
않겠는가,,,,
것이다,,,,
누구냐,,,,
포로라,,,,
군자이었다,,,,
않습니까,,,,
것입니다,,,,
것이다,,,,
것이다,,,,
말라,,,,
하였다,,,,
하라,,,,
하였습니다,,,,
"""",,,,
전하였다,,,,
이러하였다,,,,
계책이었는가,,,,
것인가,,,,
하라,,,,
하였습니다,,,,
"""",,,,
말하였다,,,,
죽었습니다,,,,
"""",,,,
아뢰었다,,,,
다하겠습니다,,,,
하였다,,,,
숙배(肅拜)하였다,,,,
말하였다,,,,
왔느냐,,,,
대답하였다,,,,
하옵니다,,,,
말하였다,,,,
아니다,,,,
것이다,,,,
알려라,,,,
없겠는가,,,,
말하라,,,,
물러갔다,,,,
하였다,,,,
졸(卒)하였다,,,,
막내아들이다,,,,
잘하였다,,,,
나타내었었다,,,,
한다,,,,
않았다,,,,
좋았었다,,,,
37세였다,,,,
여기었다,,,,
되었다,,,,
정하였다,,,,
하였다,,,,
주었다,,,,
이러하였다,,,,
힘써왔다,,,,
이것이다,,,,
것이다,,,,
것이다,,,,
하라,,,,
처결(處決)하라,,,,
전송하였다,,,,
말하였다,,,,
금하겠습니다,,,,
허락하였다,,,,
않았다,,,,
놓치겠는가,,,,
왔다,,,,
기다렸다,,,,
돌려보내었다,,,,
분부하였다,,,,
말라,,,,
"""",,,,
베풀었다,,,,
없습니다,,,,
진언(進言)하였다,,,,
여기었다,,,,
유시하였다,,,,
하라,,,,
"""",,,,
말하였다,,,,
것입니다,,,,
대답하였다,,,,
하시오,,,,
말하였다,,,,
참말이옵니까,,,,
않겠소,,,,
하였다,,,,
보내었다,,,,
없습니다,,,,
일으키겠습니까,,,,
아니옵니다,,,,
어렵습니다,,,,
기다리겠나이다,,,,
"""",,,,
분부하였다,,,,
하라,,,,
"""",,,,
하라,,,,
않겠습니까,,,,
하였다,,,,
마옵소서,,,,
다행하겠습니다,,,,
떠나갔다,,,,
분부하였다,,,,
하라,,,,
미치리라,,,,
"""",,,,
돌려보냈다,,,,
척이었다,,,,
척이었다,,,,
되었다,,,,
하옵소서,,,,
없습니다,,,,
하라,,,,
어떻겠습니까,,,,
아닙니다,,,,
하였다,,,,
왔다,,,,
이러하였다,,,,
때문일까,,,,
못합니다,,,,
있습니다,,,,
하였다,,,,
것이다,,,,
옮깁니다,,,,
"""",,,,
행차하였다,,,,
뜻이냐,,,,
거둥하였다,,,,
왔다,,,,
청합니다,,,,
있다,,,,
제도이다,,,,
않았다,,,,
바이다,,,,
행하였다,,,,
더하겠는가,,,,
없다,,,,
나라이다,,,,
않겠는가,,,,
없다,,,,
하라,,,,
하라,,,,
하였습니다,,,,
것이었다,,,,
것이었다,,,,
일이었던가,,,,
것이었다,,,,
적었다,,,,
무례하였다,,,,
않겠다,,,,
돌려보내겠다,,,,
하였습니다,,,,
것이다,,,,
보았다,,,,
칭찬했다,,,,
주었다,,,,
상언(上言)하였다,,,,
"""1",,,,
2,,,,
3,,,,
징계하소서,,,,
"""",,,,
하옵니다,,,,
하겠는가,,,,
용서하라,,,,
죽었다,,,,
이러하였다,,,,
하라,,,,
부당하다,,,,
보내라,,,,
하였습니다,,,,
"""",,,,
청하였다,,,,
"""1",,,,
것,,,,
1,,,,
것,,,,
1,,,,
하소서,,,,
하소서,,,,
"""",,,,
매기소서,,,,
따랐다,,,,
권장하소서,,,,
하소서,,,,
윤허하였다,,,,
하옥시켰다,,,,
죽었다,,,,
못했다,,,,
내보냈다,,,,
상언(上言)하였다,,,,
못합니다,,,,
것입니다,,,,
아니하였다,,,,
졸(卒)하였다,,,,
하였다,,,,
아들이다,,,,
합격하였다,,,,
되었다,,,,
뽑았다,,,,
합격하였다,,,,
더하였다,,,,
등용되었다,,,,
이르렀다,,,,
되었다,,,,
하사받았다,,,,
하사받았다,,,,
겸했다,,,,
다했다,,,,
않았다,,,,
일어났다,,,,
탄복했다,,,,
했다,,,,
들었다,,,,
대답하였다,,,,
아닙니다,,,,
생각하옵소서,,,,
하였다,,,,
아뢰었다,,,,
만들겠습니까,,,,
면했다,,,,
사면하였다,,,,
돌아갔다,,,,
많았다,,,,
했다,,,,
하였다,,,,
삼았다,,,,
삼았다,,,,
말하였다,,,,
있다,,,,
하였다,,,,
시켰다,,,,
알리라,,,,
합니다,,,,
하였다,,,,
말이냐,,,,
하였다,,,,
같다,,,,
하였다,,,,
사람이다,,,,
않더라,,,,
있었겠는가,,,,
하였다,,,,
폄척(貶斥)당하였다,,,,
임금님이시다,,,,
하였다,,,,
것이다,,,,
했다,,,,
봉했다,,,,
않았습니까,,,,
하셨습니까,,,,
하였다,,,,
것이었다,,,,
알리겠는가,,,,
전별하였다,,,,
것이오,,,,
하였다,,,,
생겼다,,,,
않으오,,,,
돌아갔다,,,,
관대하였다,,,,
않았다,,,,
간절했었다,,,,
나왔다,,,,
못했다,,,,
자연스러웠다,,,,
않았다,,,,
받았다,,,,
없었다,,,,
하였다,,,,
되었다,,,,
왔다,,,,
맞았다,,,,
하여라,,,,
것이다,,,,
이러하였다,,,,
【모(某),,,,
하라,,,,
전한다,,,,
"""",,,,
하였다,,,,
이러하였다,,,,
그만두라,,,,
있다,,,,
못합니다,,,,
"""",,,,
하였다,,,,
없었다,,,,
있는가,,,,
것이다,,,,
못했다,,,,
하소서,,,,
중지하였다,,,,
꾸짖었다,,,,
까닭인가,,,,
기다리라,,,,
"""",,,,
돌아갔다,,,,
돌아왔다,,,,
주달하였다,,,,
재촉한다,,,,
하였습니다,,,,
한다,,,,
하였습니다,,,,
합니다,,,,
하였나이다,,,,
모멸했겠습니까,,,,
없습니다,,,,
불쌍하옵니다,,,,
주소서,,,,
"""",,,,
응한다,,,,
극언(極言)하였다,,,,
물었다,,,,
일인가,,,,
옮기겠는가,,,,
대답하였다,,,,
것이옵니다,,,,
대답하였다,,,,
것입니다,,,,
말하였다,,,,
하였다,,,,
대답하였다,,,,
있습니다,,,,
보내었다,,,,
말하였다,,,,
복명(復命)하겠는가,,,,
싫어하겠는가,,,,
왔다,,,,
의논하였다,,,,
대비하소서,,,,
"""",,,,
상언(上言)하였다,,,,
없습니다,,,,
더합니다,,,,
같습니다,,,,
다행이겠습니다,,,,
하였다,,,,
명령하였다,,,,
하라,,,,
"""",,,,
물었다,,,,
하였느냐,,,,
까닭인가,,,,
가두었다,,,,
탄핵하였다,,,,
정하였다,,,,
이르겠는가,,,,
주었다,,,,
상언(上言)하였다,,,,
없습니다,,,,
정하소서,,,,
"""",,,,
상언(上言)하였다,,,,
아닙니다,,,,
하였습니다,,,,
있사옵니까,,,,
못되옵니다,,,,
있습니다,,,,
것입니다,,,,
수응하시렵니까,,,,
아파합니다,,,,
대비하소서,,,,
아뢰었다,,,,
공수(公收)하소서,,,,
윤허하였다,,,,
아뢰었다,,,,
같았습니다,,,,
없었습니다,,,,
광대하였습니다,,,,
삼으소서,,,,
윤허하였다,,,,
않습니다,,,,
파하였다,,,,
명하였다,,,,
하라,,,,
"""",,,,
상언(上言)하였다,,,,
것입니다,,,,
못하겠습니다,,,,
합니다,,,,
일이겠습니다,,,,
여기었다,,,,
명하였다,,,,
말라,,,,
"""",,,,
상언하였다,,,,
것입니다,,,,
않겠습니까,,,,
하소서,,,,
윤허하였다,,,,
말하였다,,,,
않는가,,,,
대답하였다,,,,
아닙니다,,,,
말하였다,,,,
못하다,,,,
말라,,,,
"""",,,,
것이다,,,,
없다,,,,
하였다,,,,
아들이다,,,,
올랐다,,,,
나왔다,,,,
제수하였다,,,,
편수하였다,,,,
하였다,,,,
것입니다,,,,
보내었다,,,,
하였다,,,,
입었었다,,,,
말하였다,,,,
입었는가,,,,
하였다,,,,
당하였다,,,,
하였다,,,,
정효문(鄭孝文)·정효충(鄭孝忠)이다,,,,
아들이다,,,,
이르렀다,,,,
가하였다,,,,
칙유(勅諭)하였다,,,,
당하였다,,,,
합니다,,,,
하였다,,,,
증직하였다,,,,
김허(金虛)이다,,,,
명하였다,,,,
보라,,,,
"""",,,,
말하였다,,,,
아뢰라,,,,
"""",,,,
왔다,,,,
이러하였다,,,,
도리이겠는가,,,,
것이다,,,,
살피라,,,,
"""",,,,
청하였다,,,,
바랍니다,,,,
윤허하였다,,,,
되었다,,,,
못하였다,,,,
못하였었다,,,,
갈지어다,,,,
거행하라,,,,
아아,,,,
공경할지어다,,,,
하였다,,,,
상서(上書)하였다,,,,
되었습니다,,,,
보존하였습니다,,,,
주심이라,,,,
없습니다,,,,
부끄럽습니다,,,,
것입니다,,,,
없습니다,,,,
포장(鋪張)하였습니다,,,,
것입니다,,,,
되었습니다,,,,
것입니다,,,,
있겠습니까,,,,
살피시옵소서,,,,
땅입니다,,,,
것입니다,,,,
것입니다,,,,
성전(盛典)이었습니다,,,,
않았습니다,,,,
아니겠습니까,,,,
있었다,,,,
것입니다,,,,
못하겠습니다,,,,
없사옵니다,,,,
말하였다,,,,
것이다,,,,
청하였었다,,,,
보냈다,,,,
이러하였다,,,,
하오,,,,
것이오,,,,
"""",,,,
회답하였다,,,,
모르겠습니다,,,,
하겠습니까,,,,
말하겠습니까,,,,
하소서,,,,
다행하겠습니다,,,,
"""",,,,
상언(上言)하였다,,,,
어렵습니다,,,,
"서용하옵소서""",,,,
상언(上言)하였다,,,,
하옵소서,,,,
하였다,,,,
이러하였다,,,,
잘하옵니다,,,,
자행하였습니다,,,,
있습니다,,,,
무리입니다,,,,
몰수하옵소서,,,,
하였다,,,,
하였다,,,,
탄핵하였다,,,,
못하였다,,,,
말하였다,,,,
오래였습니다,,,,
말하였다,,,,
무엇이냐,,,,
불가하다,,,,
아뢰었다,,,,
버리시옵니까,,,,
풀어주었다,,,,
상언(上言)하였다,,,,
않았습니다,,,,
하소서,,,,
하소서,,,,
하소서,,,,
것입니다,,,,
하소서,,,,
하옵소서,,,,
1,,,,
큽니다,,,,
과중하옵니다,,,,
것,,,,
1,,,,
편입하소서,,,,
따랐다,,,,
있었다,,,,
말하였다,,,,
섬기었다,,,,
하였다,,,,
청하였다,,,,
하소서,,,,
"""",,,,
마지않습니다,,,,
하였다,,,,
상언(上言)하였다,,,,
행하소서,,,,
말하였다,,,,
것이다,,,,
"""",,,,
명하였다,,,,
한다,,,,
한다,,,,
한다,,,,
"""",,,,
돌아왔다,,,,
말하였다,,,,
슬펐노라,,,,
것이다,,,,
까닭일까,,,,
누구겠는가,,,,
아니겠는가,,,,
것이다,,,,
어떻겠는가,,,,
슬프다,,,,
노래한다,,,,
않겠는가,,,,
회련(懷戀)하는가,,,,
것이다,,,,
말하였다,,,,
국왕(朝鮮國王)이여,,,,
난다,,,,
하였다,,,,
【휘(諱),,,,
못하였다,,,,
떨어지겠는가,,,,
것이다,,,,
없다,,,,
보내라,,,,
돌려보내겠다,,,,
돌려보낸다,,,,
주라,,,,
돌려보낸다,,,,
보내겠다,,,,
즐겨한다,,,,
이루었네,,,,
것일세,,,,
없다,,,,
압록강(鴨綠江),,,,
상심한다,,,,
되었네,,,,
그리워한다,,,,
경장(更張)하였노,,,,
고경(古京),,,,
들린다,,,,
춘추(春秋)인가,,,,
되었네,,,,
전송한다,,,,
거둔다,,,,
지나며,,,,
것이었다,,,,
하였다,,,,
관계되네,,,,
옮겼소,,,,
서렸네,,,,
다했소,,,,
건설하였소,,,,
받드리이다,,,,
올랐습니다,,,,
말하오리,,,,
뿐입니다,,,,
합니다,,,,
통하고저,,,,
조공합니다,,,,
창성합니다,,,,
풍기네,,,,
모셨네,,,,
있네,,,,
있소,,,,
것입니다,,,,
하였소,,,,
있네,,,,
나눴는가,,,,
바라봅니다,,,,
알으리까,,,,
원합니다,,,,
강합니다,,,,
개척합니다,,,,
있으리,,,,
마소,,,,
것이오,,,,
없네,,,,
이었구나,,,,
슬퍼하리,,,,
무엇하리,,,,
듯,,,,
시절,,,,
하오,,,,
이름하였소,,,,
완악하다오,,,,
간사합니다,,,,
합니다,,,,
돌아오소서,,,,
섰네,,,,
듯,,,,
감추었네,,,,
씻고저,,,,
바칩니다,,,,
개척했네,,,,
있소,,,,
말씀하리,,,,
즐기오리다,,,,
피곤하였었소,,,,
못했습니다,,,,
이루었습니다,,,,
있었소,,,,
화친하였소,,,,
왔오,,,,
입었습니다,,,,
못했습니다,,,,
하였습니다,,,,
차갑습니다,,,,
나누옵니다,,,,
합니다,,,,
보전하였소,,,,
가련합니다,,,,
있네,,,,
들어갔다오,,,,
오고가오,,,,
마옵소서,,,,
안았소,,,,
청청합니다,,,,
가득합니다,,,,
그것입니다,,,,
이름,,,,
세워졌네,,,,
움직이네,,,,
가벼웁다,,,,
되옵던가,,,,
적으리라,,,,
이름,,,,
가볍도다,,,,
흥청함일세,,,,
놀랍구나,,,,
은정이어라,,,,
이름,,,,
유연(悠然)하다,,,,
연하였네,,,,
읊었도다,,,,
사양하리,,,,
있었소,,,,
이름,,,,
자랑한다,,,,
붙들었소,,,,
멋이어라,,,,
뿐입니다,,,,
이름,,,,
접했도다,,,,
배불렀네,,,,
축원하오,,,,
걸어온다,,,,
보올건가,,,,
장할시고,,,,
밝았어라,,,,
돌아왔다네,,,,
하였다,,,,
하였다,,,,
것이었다,,,,
않겠다,,,,
이러하였다,,,,
것이다,,,,
온전하여졌도다,,,,
소인이었는가,,,,
것이다,,,,
되겠는가,,,,
말하였다,,,,
않는다,,,,
있겠는가,,,,
것이다,,,,
하라,,,,
"""",,,,
상언하였다,,,,
과죄(科罪)하소서,,,,
용서하였다,,,,
논핵하였다,,,,
합니다,,,,
것이었다,,,,
가두었다,,,,
썼었다,,,,
가한가,,,,
것이다,,,,
불태웠다,,,,
아니었다,,,,
석방하였다,,,,
전하였다,,,,
이러하였다,,,,
절근(切近)하다,,,,
못하였다,,,,
되었다,,,,
생각하였다,,,,
있었다,,,,
것이다,,,,
있겠는가,,,,
법이다,,,,
하라,,,,
하였다,,,,
말하였다,,,,
화수(禍首)이다,,,,
드물었다,,,,
까닭인가,,,,
까닭이다,,,,
나라였다,,,,
군자로구나,,,,
자산이여,,,,
때문이다,,,,
때문인가,,,,
있겠는가,,,,
【휘(諱),,,,
주는가,,,,
것이다,,,,
것이다,,,,
살피지어다,,,,
것이다,,,,
하였다,,,,
전하였다,,,,
정하겠다,,,,
모른다,,,,
것이냐,,,,
입겠다,,,,
하였다,,,,
없다,,,,
하였다,,,,
들어왔다,,,,
말하였다,,,,
있다,,,,
하였다,,,,
부딪치겠다,,,,
하였다,,,,
오라,,,,
주었다,,,,
것인가,,,,
썼다,,,,
않겠다,,,,
있겠는가,,,,
모르겠다,,,,
썼었습니다,,,,
무시하는가,,,,
없다,,,,
하였습니다,,,,
없다,,,,
왔습니다,,,,
있겠습니까,,,,
않습니다,,,,
하였습니다,,,,
정하겠는가,,,,
이루어지겠는가,,,,
가속이겠는가,,,,
데려가라,,,,
가라,,,,
태워버렸다,,,,
가라,,,,
말하라,,,,
것이다,,,,
휘(諱),,,,
좋다,,,,
돌려보낸다,,,,
말라,,,,
것이다,,,,
있겠는가,,,,
하였습니다,,,,
"""",,,,
탄핵하였다,,,,
않았다,,,,
아뢰었다,,,,
하겠습니다,,,,
청하였다,,,,
말하였다,,,,
없다,,,,
말하였다,,,,
것입니다,,,,
허락하였다,,,,
있었다,,,,
말하였다,,,,
마소서,,,,
않았다,,,,
주었다,,,,
말하였다,,,,
같습니다,,,,
국문하소서,,,,
말하였다,,,,
아는가,,,,
말하였다,,,,
얻겠습니까,,,,
말하였다,,,,
없으랴,,,,
못하였다,,,,
말하였다,,,,
있다,,,,
청하는가,,,,
못하였다,,,,
무고하였었다,,,,
내렸다,,,,
힘쓰라,,,,
"""",,,,
말하였다,,,,
"""1",,,,
없습니다,,,,
다하소서,,,,
1,,,,
하소서,,,,
1,,,,
없습니다,,,,
청납(聽納)하소서,,,,
1,,,,
것입니다,,,,
하소서,,,,
1,,,,
것입니다,,,,
하소서,,,,
1,,,,
징계하소서,,,,
1,,,,
하소서,,,,
1,,,,
없습니다,,,,
지극합니다,,,,
것입니다,,,,
1,,,,
대비하소서,,,,
1,,,,
아닙니다,,,,
하소서,,,,
시행하였다,,,,
전지(傳旨)하였다,,,,
없다,,,,
"""",,,,
말하였다,,,,
주소서,,,,
주었다,,,,
상언하였다,,,,
붙이소서,,,,
따랐다,,,,
말하였다,,,,
못했는가,,,,
말하였다,,,,
받는가,,,,
말하였다,,,,
하였겠는가,,,,
것이리라,,,,
파직시켰다,,,,
상언하였다,,,,
과죄하소서,,,,
따랐다,,,,
상언하였다,,,,
악합니다,,,,
처결하소서,,,,
따랐다,,,,
청하였다,,,,
죄입니다,,,,
하였다,,,,
이첩(移牒)하였다,,,,
아뢰라,,,,
"""",,,,
이르렀다,,,,
없었다,,,,
이르렀다,,,,
영접하였다,,,,
말하였다,,,,
어찌하겠는가,,,,
보내었다,,,,
말하였다,,,,
대답하시렵니까,,,,
말하였다,,,,
지겠소,,,,
말하였다,,,,
아셨습니까,,,,
말하였다,,,,
있겠는가,,,,
말하였다,,,,
생각하는가,,,,
명하였다,,,,
이송(移送)하라,,,,
명하였다,,,,
구제하라,,,,
보냈다,,,,
갖추었다,,,,
휘둘렀다,,,,
되었다,,,,
이르렀다,,,,
수판(受判)하였다,,,,
서용(敍用)하라,,,,
"""",,,,
달아났다,,,,
당하였다,,,,
명하였다,,,,
한다,,,,
하라,,,,
"""",,,,
이러하였다,,,,
가깝습니다,,,,
하소서,,,,
하였다,,,,
하였다,,,,
이러하였다,,,,
부치노라,,,,
않았다,,,,
뜻하였다,,,,
하였다,,,,
달아났다,,,,
것이다,,,,
죄인이다,,,,
다행하겠다,,,,
"""",,,,
말하였다,,,,
조사하라,,,,
"""",,,,
하였다,,,,
유시(諭示)하였다,,,,
아뢰었다,,,,
불가합니다,,,,
염려되옵니다,,,,
기뻐하였다,,,,
아뢰었다,,,,
없다,,,,
질책(叱責)하였다,,,,
아뢰었다,,,,
주었습니다,,,,
왔습니다,,,,
이러하였다,,,,
왔습니다,,,,
하였소,,,,
나라이다,,,,
것이다,,,,
행하였는가,,,,
없다,,,,
말라,,,,
하셨소,,,,
도모하소서,,,,
"""",,,,
하였다,,,,
있다,,,,
좌죄하라,,,,
도망하였다,,,,
목베었다,,,,
상언하였다,,,,
적몰(籍沒)하소서,,,,
따랐다,,,,
잡았습니다,,,,
바치었다,,,,
말하였다,,,,
없는가,,,,
하였다,,,,
상언하였다,,,,
않습니다,,,,
권장하소서,,,,
따랐다,,,,
편익(便益)하겠다,,,,
열거합니다,,,,
1,,,,
것,,,,
1,,,,
것,,,,
1,,,,
것,,,,
1,,,,
것,,,,
1,,,,
것,,,,
1,,,,
것,,,,
1,,,,
미편합니다,,,,
것,,,,
1,,,,
것,,,,
1,,,,
것,,,,
1,,,,
것,,,,
1,,,,
것,,,,
1,,,,
것,,,,
1,,,,
것,,,,
1,,,,
것,,,,
1,,,,
것,,,,
1,,,,
것,,,,
1,,,,
것,,,,
1,,,,
것,,,,
1,,,,
시행하소서,,,,
붙이라,,,,
윤허하였다,,,,
이러하였다,,,,
즐겁습니다,,,,
하옵니다,,,,
않으오리까,,,,
"""",,,,
상언(上言)하였다,,,,
하소서,,,,
하였다,,,,
명하였다,,,,
있다,,,,
생각하였다,,,,
하겠다,,,,
아뢰라,,,,
"""",,,,
말하였다,,,,
통제한다,,,,
말하였다,,,,
합니다,,,,
하였다,,,,
상언하였다,,,,
속공(屬公)하소서,,,,
윤허하였다,,,,
이첩(移牒)하였다,,,,
금단하라,,,,
하라,,,,
"""",,,,
상언하였다,,,,
않았습니다,,,,
있다,,,,
내쳤다,,,,
돌려보냈다,,,,
이러하였다,,,,
얻었습니다,,,,
않겠습니까,,,,
없사옵니다,,,,
뿐입니다,,,,
바랍니다,,,,
"""",,,,
진언(進言)하였다,,,,
없습니다,,,,
여기었다,,,,
명하였다,,,,
하라,,,,
"""",,,,
상언하였다,,,,
서용한다,,,,
하소서,,,,
따랐다,,,,
불렀다,,,,
말하였다,,,,
가한가,,,,
하라,,,,
"""",,,,
상언하였다,,,,
하소서,,,,
따랐다,,,,
내쫓았다,,,,
다르옵니다,,,,
하소서,,,,
하였다,,,,
되었다,,,,
올리었다,,,,
있었습니다,,,,
있습니다,,,,
것이라,,,,
있습니다,,,,
사유(赦宥)하라,,,,
것입니다,,,,
내리었다,,,,
내쫓았다,,,,
보내었다,,,,
않았구나,,,,
되었다,,,,
침장(沈葬)하였다,,,,
있습니다,,,,
하였다,,,,
하였다,,,,
청하였다,,,,
"""1",,,,
1,,,,
것입니다,,,,
1,,,,
1,,,,
것입니다,,,,
회복하소서,,,,
하소서,,,,
따랐다,,,,
상언(上言)하였다,,,,
친척입니다,,,,
없습니다,,,,
하소서,,,,
하였다,,,,
이러하였다,,,,
고한다,,,,
되었다,,,,
되었다,,,,
못하겠다,,,,
없겠다,,,,
한다,,,,
것이다,,,,
것이다,,,,
것이다,,,,
것이다,,,,
것이다,,,,
"""",,,,
진술하였다,,,,
"""1",,,,
1,,,,
때문입니다,,,,
하였습니다,,,,
것입니다,,,,
1,,,,
것입니다,,,,
때문입니다,,,,
1,,,,
있습니다,,,,
하소서,,,,
따랐다,,,,
삼았다,,,,
이러하였다,,,,
여기었다,,,,
한다,,,,
정정(幽閑貞靜)하였다,,,,
받들었다,,,,
구제하였다,,,,
것이다,,,,
것이다,,,,
아아,,,,
보좌하였다,,,,
것이다,,,,
"""",,,,
맞아들이었다,,,,
족매(族妹)이다,,,,
하였다,,,,
들였다,,,,
말하였다,,,,
없습니다,,,,
없습니다,,,,
말하였다,,,,
하는가,,,,
대답하였다,,,,
아닙니다,,,,
아닙니다,,,,
것입니다,,,,
처리하겠습니까,,,,
아니하였다,,,,
물었다,,,,
되는가,,,,
대답하였다,,,,
것입니다,,,,
"""",,,,
말하였다,,,,
없다,,,,
것이다,,,,
하였다,,,,
상언하였다,,,,
이름이라,,,,
하였습니다,,,,
하소서,,,,
따랐다,,,,
강론(講論)하였다,,,,
아뢰었다,,,,
어긋납니다,,,,
말하였다,,,,
아니했는가,,,,
대답하였다,,,,
금하소서,,,,
"""",,,,
바쳤다,,,,
이러하였다,,,,
말하였습니다,,,,
하셨습니다,,,,
것입니다,,,,
것입니다,,,,
들었다,,,,
대답하였다,,,,
된[禽荒]다,,,,
바입니다,,,,
말하였다,,,,
말인가,,,,
대답하였다,,,,
아닙니다,,,,
일입니다,,,,
말하였다,,,,
"""그렇다",,,,
말하였다,,,,
것입니다,,,,
아닙니다,,,,
여기었다,,,,
말하였다,,,,
돌아갔습니다,,,,
이러하였다,,,,
말한다,,,,
포고(布告)하였다,,,,
것이다,,,,
발송(發送)한다,,,,
"""",,,,
파직(罷職)되었다,,,,
올리었다,,,,
하라,,,,
실수입니다,,,,
시행하소서,,,,
하였다,,,,
올리었다,,,,
"""1",,,,
일입니다,,,,
1,,,,
됩니다,,,,
것입니다,,,,
1,,,,
것입니다,,,,
1,,,,
1,,,,
됩니다,,,,
것입니다,,,,
1,,,,
있습니다,,,,
1,,,,
됩니다,,,,
것입니다,,,,
것입니다,,,,
하였다,,,,
올리었다,,,,
청합니다,,,,
많았다,,,,
청하였다,,,,
행하였다,,,,
파면되었다,,,,
말하였다,,,,
말하는가,,,,
도감(不定都監)인데,,,,
것이었다,,,,
진술하였다,,,,
"""1",,,,
1,,,,
1,,,,
것입니다,,,,
말하였다,,,,
"""좋다",,,,
"""",,,,
하였다,,,,
것입니다,,,,
있습니다,,,,
되었습니다,,,,
있습니다,,,,
있습니다,,,,
생각됩니다,,,,
하였습니다,,,,
합니다,,,,
상언(上言)하였다,,,,
하소서,,,,
"""",,,,
졸(卒)하였다,,,,
아들이다,,,,
제수받았다,,,,
이르렀다,,,,
말하였다,,,,
말라,,,,
이르렀다,,,,
되었다,,,,
삼았다,,,,
64세였다,,,,
경계하였다,,,,
삼았다,,,,
있겠는가,,,,
아프다,,,,
하라,,,,
않았다,,,,
하였다,,,,
용서하였다,,,,
교통하였습니다,,,,
아뢰었다,,,,
것입니다,,,,
것입니다,,,,
사실이었다,,,,
귀양보냈다,,,,
말하였다,,,,
없다,,,,
"""",,,,
올렸다,,,,
일입니다,,,,
않습니다,,,,
하소서,,,,
것입니다,,,,
의논하소서,,,,
윤허하였다,,,,
상서(上書)하였다,,,,
못합니다,,,,
하소서,,,,
말하였다,,,,
"놓아보내라""",,,,
상언(上言)하였다,,,,
아니옵니다,,,,
태거(汰去)하소서,,,,
윤허하였다,,,,
상서(上書)하였다,,,,
상례(喪禮)입니다,,,,
없습니다,,,,
말입니다,,,,
있겠습니까,,,,
있겠습니까,,,,
하소서,,,,
윤허하였다,,,,
상청(上請)하였다,,,,
없습니다,,,,
극진합니다,,,,
없습니다,,,,
징계하소서,,,,
말하였다,,,,
있는가,,,,
"""",,,,
상언(上言)하였다,,,,
합니다,,,,
자입니다,,,,
못하였습니다,,,,
말하겠습니까,,,,
두소서,,,,
말하였다,,,,
없다,,,,
"""",,,,
이러하였다,,,,
없다,,,,
것이다,,,,
만하다,,,,
두터웠다,,,,
채웠다,,,,
잊으랴,,,,
슬프다,,,,
생각하라,,,,
"""",,,,
사은(謝恩)하였다,,,,
맞았나이다,,,,
나옵니다,,,,
것입니다,,,,
부끄러워하옵니다,,,,
참알(參謁)하였습니다,,,,
못하였습니다,,,,
경영(經營)하였습니다,,,,
있습니다,,,,
나왔습니다,,,,
젖으리이까,,,,
더하겠나이다,,,,
"""",,,,
말하였다,,,,
한심하다,,,,
있겠는가,,,,
물으라,,,,
대답하였다,,,,
오랩니다,,,,
것입니다,,,,
"""",,,,
하였다,,,,
보내었다,,,,
할까,,,,
대답하였다,,,,
어떠합니까,,,,
"하였다,",,,,
이러하였다,,,,
깊다,,,,
풀린다,,,,
다행이겠다,,,,
바란다,,,,
있다,,,,
마치라,,,,
못한다,,,,
쓴다,,,,
"""",,,,
말하였다,,,,
잃었습니다,,,,
마소서,,,,
용서하였다,,,,
명하였다,,,,
하라,,,,
"""",,,,
같았다,,,,
하였다,,,,
하였다,,,,
기지(基地)여라,,,,
"""",,,,
탄핵하였다,,,,
말하였다,,,,
나쁜가,,,,
않았다,,,,
일렀다,,,,
낫다,,,,
않다,,,,
일렀다,,,,
말라,,,,
분부하였다,,,,
오지,,,,
말라,,,,
진언(進言)하였다,,,,
것입니다,,,,
것입니다,,,,
말하였다,,,,
하는가,,,,
경계이라,,,,
"""",,,,
졸(卒)하였다,,,,
아들이다,,,,
죽이었다,,,,
만들었다,,,,
두려워하였었다,,,,
말하였다,,,,
아닙니다,,,,
말하였다,,,,
그럴듯하다,,,,
따랐다,,,,
극복(克服)하였다,,,,
승진하였다,,,,
받았다,,,,
퇴거(退居)하였다,,,,
명하였다,,,,
81세였다,,,,
김추(金錘)·김전(金銓)·김균(金鈞)이다,,,,
말하였다,,,,
아니옵니다,,,,
결단하소서,,,,
용서하였다,,,,
있습니다,,,,
주었었다,,,,
상언(上言)하였다,,,,
지극합니다,,,,
없습니다,,,,
하소서,,,,
것이다,,,,
자인가,,,,
않았다,,,,
명하였다,,,,
돌아가라,,,,
아뢰었다,,,,
없습니다,,,,
말하였다,,,,
없다,,,,
"""",,,,
진언(進言)하였다,,,,
것입니다,,,,
원합니다,,,,
말하였다,,,,
없다,,,,
돌려보냈다,,,,
아뢰었다,,,,
불가합니다,,,,
말하였다,,,,
되겠는가,,,,
"""",,,,
탄핵하였다,,,,
앉았다,,,,
않는가,,,,
하였다,,,,
하였다,,,,
못합니다,,,,
않았다,,,,
것이었다,,,,
상소(上疏)하였다,,,,
않았습니다,,,,
없습니다,,,,
하소서,,,,
꾸짖었다,,,,
같다,,,,
말하겠는가,,,,
대답하였다,,,,
못하였습니다,,,,
대답하였다,,,,
못하였습니다,,,,
대답하였다,,,,
올렸습니다,,,,
하였다,,,,
하였다,,,,
하교(下敎)하였다,,,,
궁금(宮禁)이겠느냐,,,,
근신(謹愼)하라,,,,
"""",,,,
상언(上言)하였다,,,,
없습니다,,,,
것입니다,,,,
준칙(準則)이옵니다,,,,
아닙니다,,,,
아닙니다,,,,
것입니다,,,,
것입니다,,,,
일입니다,,,,
아닙니다,,,,
것입니다,,,,
없습니다,,,,
않는다,,,,
말입니다,,,,
여깁니다,,,,
까닭입니다,,,,
뿐이겠습니까,,,,
것입니다,,,,
것입니다,,,,
청하였다,,,,
주었다,,,,
산하(山河)였다,,,,
둘이로다,,,,
있도다,,,,
궁원(宮苑)이었다,,,,
둘렸도다,,,,
유락(遊樂)하도다,,,,
성공(列署星拱)이었다,,,,
같도다,,,,
않는도다,,,,
기포(碁布)였다,,,,
찬연하구나,,,,
교장(敎場)이었다,,,,
연하였도다,,,,
만하도다,,,,
조박(漕泊)이었다,,,,
나르는도다,,,,
보려무나,,,,
있도다,,,,
행인(行人)이었다,,,,
이르도다,,,,
화답하도다,,,,
목마(牧馬)였다,,,,
달구나,,,,
하도다,,,,
"""",,,,
상언(上言)하였다,,,,
이르렀습니다,,,,
넘치옵니다,,,,
시행하소서,,,,
되옵니다,,,,
일입니다,,,,
것입니다,,,,
응하겠습니까,,,,
것입니다,,,,
하소서,,,,
말하였다,,,,
덜라,,,,
"""",,,,
전지(傳旨)하였다,,,,
호소하였다,,,,
것이다,,,,
있겠는가,,,,
하라,,,,
"""",,,,
이러하였다,,,,
것이다,,,,
크다,,,,
것이다,,,,
만하겠다,,,,
하겠다,,,,
지키는가,,,,
인(仁)이다,,,,
것이다,,,,
없다,,,,
이러하였다,,,,
컸다,,,,
북쪽이었다,,,,
제거하였다,,,,
놓았다,,,,
번성하여졌다,,,,
파낸다,,,,
천만년이리라,,,,
"""",,,,
아뢰었다,,,,
되었습니다,,,,
하소서,,,,
미편(未便)하옵니다,,,,
하소서,,,,
말하였다,,,,
옳다,,,,
못하였다,,,,
하겠다,,,,
것이다,,,,
명령하였다,,,,
보겠다,,,,
"""",,,,
돌리었다,,,,
누구냐,,,,
귀생뿐입니다,,,,
얻었다,,,,
올리었다,,,,
같습니다,,,,
간절하셨습니다,,,,
본뜻이겠습니까,,,,
진압한다,,,,
속이겠습니까,,,,
것입니다,,,,
된다,,,,
것입니다,,,,
않겠습니까,,,,
따랐다,,,,
말하였다,,,,
전달합니다,,,,
것입니다,,,,
것입니다,,,,
보이겠습니까,,,,
말라,,,,
하였습니다,,,,
지켜라,,,,
것입니다,,,,
미심하옵니다,,,,
것입니다,,,,
않겠습니까,,,,
이유인가,,,,
것입니다,,,,
않았습니다,,,,
하였습니다,,,,
않습니다,,,,
있겠습니까,,,,
것입니다,,,,
있겠습니까,,,,
있겠습니까,,,,
것입니다,,,,
말하였다,,,,
출신이다,,,,
아니한다,,,,
아니한다,,,,
보자,,,,
요구하였다,,,,
하였다,,,,
것이다,,,,
것이다,,,,
같다,,,,
알려라,,,,
하였다,,,,
것이다,,,,
같았다,,,,
전지하였다,,,,
하라,,,,
복명(復命)하였다,,,,
것입니다,,,,
따랐다,,,,
하였다,,,,
아뢰었다,,,,
것입니다,,,,
있습니다,,,,
편입니다,,,,
것입니다,,,,
대응(對應)하겠습니까,,,,
두렵습니다,,,,
것입니다,,,,
못하였다,,,,
일렀다,,,,
보답하라,,,,
하였다,,,,
전지하였다,,,,
같았다,,,,
아니다,,,,
하겠다,,,,
아니다,,,,
것이다,,,,
하라,,,,
"""",,,,
상언(上言)하였다,,,,
된다,,,,
되었습니다,,,,
없습니다,,,,
것입니다,,,,
잃었는가,,,,
하였는가,,,,
이르렀는가,,,,
건축하였는가,,,,
강성한가,,,,
이르렀는가,,,,
하였습니다,,,,
것입니다,,,,
하였습니다,,,,
않았겠습니까,,,,
없다,,,,
것입니다,,,,
것입니다,,,,
것입니다,,,,
하소서,,,,
하였다,,,,
불었다,,,,
탔다,,,,
탄식하였다,,,,
말인가,,,,
뿐이다,,,,
"""",,,,
고하였다,,,,
패퇴(敗退)시켰습니다,,,,
왔습니다,,,,
하였다,,,,
보고하였다,,,,
나옵니다,,,,
하였다,,,,
올리었다,,,,
않았습니다,,,,
것입니다,,,,
이유인가,,,,
없습니다,,,,
하였습니다,,,,
많았습니다,,,,
것뿐이겠습니까,,,,
두려워합니다,,,,
일이겠습니까,,,,
것입니까,,,,
것입니까,,,,
것입니까,,,,
알겠습니까,,,,
속이겠습니까,,,,
있겠습니까,,,,
일입니까,,,,
일이라,,,,
잡겠습니까,,,,
반성하겠습니까,,,,
것입니다,,,,
쓰겠는가,,,,
않겠습니까,,,,
다행하겠습니다,,,,
명령하였다,,,,
많다,,,,
알겠는가,,,,
하라,,,,
"""",,,,
졸(卒)하였다,,,,
사람이다,,,,
않았다,,,,
승진되었다,,,,
가져왔다,,,,
되었다,,,,
되었다,,,,
아니하였다,,,,
말하였다,,,,
못했습니다,,,,
주었다,,,,
보급되었다,,,,
70세였다,,,,
증직(贈職)하였다,,,,
문중용(文中庸)·문중실(文中實)·문중계(文中啓)이다,,,,
삼았다,,,,
삼았다,,,,
명하였다,,,,
어떻겠는가,,,,
못하다,,,,
죄주겠다,,,,
잘못인가,,,,
못하였다,,,,
올리었다,,,,
일입니다,,,,
하소서,,,,
윤허하였다,,,,
계문(啓聞)하였다,,,,
청합니다,,,,
임명하였다,,,,
아뢰었다,,,,
지내소서,,,,
윤허하였다,,,,
불렀다,,,,
말하였다,,,,
없다,,,,
아니하였다,,,,
말하였다,,,,
하겠다,,,,
하였다,,,,
관람하였다,,,,
친유(親諭)라,,,,
하였다,,,,
영접하였다,,,,
이르렀다,,,,
꿇어앉았다,,,,
자문(咨文)이었다,,,,
이러하였다,,,,
되었다,,,,
것이다,,,,
없었다,,,,
것이다,,,,
때문이다,,,,
말아라,,,,
준다,,,,
하였습니다,,,,
이자(移咨)합니다,,,,
행하였다,,,,
미워하였다,,,,
못하였다,,,,
것이다,,,,
것이다,,,,
갔다,,,,
보고하였다,,,,
왔습니다,,,,
되었다,,,,
것이다,,,,
상언(上言)하였다,,,,
없습니다,,,,
하소서,,,,
윤허하였다,,,,
탄핵하였다,,,,
했습니다,,,,
징계하소서,,,,
하였다,,,,
유시(諭示)하였다,,,,
것이다,,,,
나갔다,,,,
이러하였다,,,,
회답합니다,,,,
없습니다,,,,
합니다,,,,
초래(招來)하겠습니까,,,,
두었겠습니까,,,,
명령했겠습니까,,,,
용납하겠습니까,,,,
것입니다,,,,
베푸소서,,,,
"""",,,,
하였다,,,,
형이다,,,,
아뢰었다,,,,
하소서,,,,
말하였다,,,,
하라,,,,
"""",,,,
말하였다,,,,
이유인가,,,,
못한가,,,,
것이다,,,,
있겠는가,,,,
않는다,,,,
"""",,,,
집행하였다,,,,
말하였다,,,,
있겠는가,,,,
것이다,,,,
말하였다,,,,
아뢰었다,,,,
말하였다,,,,
것이다,,,,
하였다,,,,
여기었다,,,,
파면시키었다,,,,
일렀다,,,,
것이다,,,,
말하였다,,,,
있습니다,,,,
되었다,,,,
없었다,,,,
아니하였다,,,,
아뢰었다,,,,
있습니다,,,,
명하였다,,,,
상언(上言)하였다,,,,
되었었습니다,,,,
하였습니다,,,,
하소서,,,,
윤허하였다,,,,
귀양보내었다,,,,
대답하였다,,,,
화려합니다,,,,
말하였다,,,,
않습니까,,,,
말하였다,,,,
같습니다,,,,
말하였다,,,,
있겠습니까,,,,
말하였다,,,,
것입니다,,,,
말하였다,,,,
없었습니다,,,,
말하였다,,,,
박수기(朴竪基)입니다,,,,
말하였다,,,,
10인입니다,,,,
말하였다,,,,
없다,,,,
되겠다,,,,
하였다,,,,
졸(卒)하였다,,,,
아들이다,,,,
받았다,,,,
가버렸다,,,,
있겠는가,,,,
않았다,,,,
하였다,,,,
천직(遷職)되었다,,,,
받았다,,,,
돌아왔다,,,,
임명되었다,,,,
되었다,,,,
80세였다,,,,
내리었다,,,,
이안국(李安國)이다,,,,
당하였다,,,,
되었다,,,,
않았다,,,,
하였다,,,,
아니하였다,,,,
타일렀다,,,,
것이다,,,,
아니하였다,,,,
말하였다,,,,
아니다,,,,
말하였다,,,,
있겠는가,,,,
알렸다,,,,
전하였다,,,,
않다,,,,
하라,,,,
당여(黨與)이었다,,,,
약속하였다,,,,
일렀었다,,,,
것이다,,,,
되었다,,,,
말하였다,,,,
청하라,,,,
대답하였다,,,,
아뢰겠습니까,,,,
말하였다,,,,
것이다,,,,
말하였다,,,,
치료하십시오,,,,
말하였다,,,,
않겠소,,,,
없소,,,,
것이오,,,,
말하였다,,,,
조심하세요,,,,
어두워졌다,,,,
같았다,,,,
것이다,,,,
갔다,,,,
정탐하였다,,,,
직숙(直宿)하였다,,,,
하였다,,,,
들어갔다,,,,
말하였다,,,,
하시오,,,,
없다,,,,
의심하였다,,,,
부르는가,,,,
말하였다,,,,
되었다,,,,
하였다,,,,
말하였다,,,,
바란다,,,,
것이다,,,,
누웠다,,,,
되었다,,,,
일렀다,,,,
기다리십시오,,,,
비웃었다,,,,
아니하였다,,,,
있었다,,,,
9명뿐이었다,,,,
쥐었다,,,,
말하였다,,,,
되겠는가,,,,
대답하였다,,,,
없습니다,,,,
한다,,,,
청합니다,,,,
기다리었다,,,,
하였다,,,,
말하였다,,,,
좋겠는가,,,,
대답하였다,,,,
좋겠습니다,,,,
고하였다,,,,
집입니다,,,,
있었다,,,,
났다,,,,
말하였다,,,,
화살이다,,,,
당하였다,,,,
아뢰었다,,,,
들어왔습니다,,,,
나왔다,,,,
말하였다,,,,
마시오,,,,
죽겠습니다,,,,
말하였다,,,,
주소서,,,,
것이다,,,,
말하였다,,,,
여기느냐,,,,
있느냐,,,,
하였다,,,,
돌아왔다,,,,
죽었다,,,,
고하였다,,,,
없습니다,,,,
말하였다,,,,
없겠는가,,,,
말하였다,,,,
이무이다,,,,
말하였다,,,,
말라,,,,
주었다,,,,
있었다,,,,
쳤다,,,,
말하였다,,,,
아닙니까,,,,
말하였다,,,,
두렵습니다,,,,
말하였다,,,,
아닌가,,,,
부르는가,,,,
대답하였다,,,,
있습니다,,,,
말하였다,,,,
않았습니까,,,,
맞이하였다,,,,
따라왔다,,,,
말하였다,,,,
들어가십시오,,,,
말하였다,,,,
않는가,,,,
꿇어앉았다,,,,
말하였다,,,,
것이다,,,,
말하였다,,,,
못했습니다,,,,
말하였다,,,,
것이오,,,,
물었다,,,,
어떠하신가,,,,
말하였다,,,,
한다,,,,
나아갔다,,,,
불렀다,,,,
왔는가,,,,
왔는가,,,,
물었다,,,,
옮기는가,,,,
부는가,,,,
말하였다,,,,
하겠는가,,,,
것뿐이다,,,,
것이다,,,,
모였다,,,,
말하였다,,,,
왔는가,,,,
말하였다,,,,
것입니다,,,,
말했다,,,,
왔는가,,,,
말하였다,,,,
않았습니다,,,,
아뢰었다,,,,
없습니다,,,,
말하였다,,,,
않다,,,,
말하였다,,,,
없습니다,,,,
어렵겠다,,,,
말하였다,,,,
자백(自白)하겠습니다,,,,
베었다,,,,
이르렀다,,,,
돌아가라,,,,
베었다,,,,
말하였다,,,,
것이다,,,,
하였다,,,,
대접하였다,,,,
고하였다,,,,
기다리겠습니다,,,,
것이다,,,,
하였다,,,,
하였다,,,,
하였다,,,,
아뢰었다,,,,
청합니다,,,,
말하였다,,,,
"""좋다",,,,
나왔다,,,,
있었다,,,,
않았다,,,,
지으라,,,,
말하였다,,,,
된다,,,,
말하였다,,,,
아는가,,,,
말하였다,,,,
문사(文詞)이다,,,,
말하였다,,,,
누구인가,,,,
잡으라,,,,
하였다,,,,
말하였다,,,,
쓰겠다,,,,
지었다,,,,
않는다,,,,
말하였다,,,,
반포(頒布)하라,,,,
아뢰었다,,,,
마옵소서,,,,
아뢰었다,,,,
것입니다,,,,
공격하겠습니다,,,,
말하였다,,,,
말아라,,,,
미치겠는가,,,,
말하였다,,,,
없다,,,,
아니하였다,,,,
있었다,,,,
때였다,,,,
말하였다,,,,
없다,,,,
말하였다,,,,
것입니다,,,,
말하였다,,,,
있겠다,,,,
올리었다,,,,
하소서,,,,
있었다,,,,
말하였다,,,,
있겠는가,,,,
되었다,,,,
내리었다,,,,
대답하였다,,,,
일입니다,,,,
아니하였다,,,,
말하였다,,,,
않는가,,,,
"""좋다",,,,
넣었다,,,,
말하였다,,,,
내리라,,,,
말하였다,,,,
고치겠는가,,,,
말하였다,,,,
것입니다,,,,
말하였다,,,,
않는다,,,,
떨치었다,,,,
전하였다,,,,
않는가,,,,
나왔다,,,,
말하였다,,,,
해롭겠는가,,,,
나왔다,,,,
하였다,,,,
일렀다,,,,
뿐이다,,,,
말하였다,,,,
않았는가,,,,
가거라,,,,
가거라,,,,
하였다,,,,
일렀다,,,,
형제겠는가,,,,
말라,,,,
말하였다,,,,
되었습니다,,,,
말하였다,,,,
고기덩이다,,,,
베었다,,,,
일렀다,,,,
돌아가라,,,,
내리었다,,,,
기대(期待)이다,,,,
것이다,,,,
있었겠는가,,,,
두려워하였다,,,,
되었다,,,,
하였다,,,,
진무(鎭撫)하라,,,,
말하였다,,,,
가라,,,,
전달하였다,,,,
하라,,,,
말하였다,,,,
나오는가,,,,
말하였다,,,,
시위(侍衛)하라,,,,
주었다,,,,
갔다,,,,
일렀다,,,,
것입니다,,,,
죽이었다,,,,
말하였다,,,,
것이다,,,,
것이다,,,,
하라,,,,
마시오,,,,
진무(鎭撫)입니다,,,,
울었다,,,,
아니하였다,,,,
말하였다,,,,
없다,,,,
당하였다,,,,
되었다,,,,
돌아갔다,,,,
아들이다,,,,
되었다,,,,
임명하였다,,,,
제조하였다,,,,
승진되었다,,,,
말하였다,,,,
못합니다,,,,
있습니까,,,,
폄직(貶職)되었다,,,,
임명되었다,,,,
되었다,,,,
임명하였다,,,,
지었다,,,,
청하였다,,,,
봉해졌다,,,,
하였다,,,,
갔다,,,,
추대(推戴)하였다,,,,
가하였다,,,,
있었다,,,,
수찬(修撰)하였다,,,,
승진되었다,,,,
시행하였다,,,,
수축하였다,,,,
대우하였다,,,,
삼았다,,,,
생각하였다,,,,
말하였다,,,,
"""훌륭합니다",,,,
못하겠습니까,,,,
말하였다,,,,
이름인가,,,,
대답하였다,,,,
이름입니다,,,,
썼다,,,,
이러하였다,,,,
일이네,,,,
이야기하였다,,,,
것이다,,,,
것이다,,,,
않았다,,,,
여겼다,,,,
되었다,,,,
있었다,,,,
이르렀다,,,,
아들이다,,,,
임명되었다,,,,
되었다,,,,
달아났다,,,,
돌아왔다,,,,
못하였다,,,,
경계하였다,,,,
하였다,,,,
내리었다,,,,
이르렀다,,,,
봉해졌다,,,,
좋아하였다,,,,
45세였다,,,,
남경수(南景壽)·남경우(南景祐)·남경복(南景福)·남경지(南景祉)이다,,,,
아들이다,,,,
이르렀다,,,,
되었다,,,,
칭찬하였다,,,,
50세였다,,,,
심도원(沈道源)이다,,,,
밀양(密陽)이다,,,,
고을이다,,,,
쳐부수었다,,,,
되었다,,,,
되었다,,,,
박기(朴耆)이다,,,,
아들이다,,,,
이르렀다,,,,
쳤다,,,,
일컬어졌다,,,,
겸직되었다,,,,
되었다,,,,
유연지(柳衍之)이다,,,,
형이다,,,,
말하였다,,,,
없다,,,,
내리었다,,,,
사람인가,,,,
것이다,,,,
하였다,,,,
되었다,,,,
해야겠습니다,,,,
되었다,,,,
삼는다,,,,
아아,,,,
되었다,,,,
한다,,,,
"""",,,,
보고하였다,,,,
되겠습니다,,,,
아니하였다,,,,
상언하였다,,,,
하소서,,,,
말하였다,,,,
이름,,,,
이름,,,,
하라,,,,
하였다,,,,
말하였다,,,,
마십시오,,,,
말하였다,,,,
있겠습니까,,,,
있겠습니까,,,,
일렀다,,,,
따르겠습니까,,,,
염려됩니다,,,,
아뢰겠습니다,,,,
따랐다,,,,
나아갔다,,,,
반포하였다,,,,
말하노라,,,,
도모하였다,,,,
되었다,,,,
명하시었다,,,,
제사지내었다,,,,
것이다,,,,
것이다,,,,
같다,,,,
1,,,,
것이다,,,,
1,,,,
것이다,,,,
1,,,,
것이다,,,,
1,,,,
것이다,,,,
1,,,,
된다,,,,
것이다,,,,
1,,,,
것이다,,,,
1,,,,
것이다,,,,
1,,,,
상심(傷心)된다,,,,
것이다,,,,
1,,,,
것이다,,,,
1,,,,
것이다,,,,
1,,,,
것이다,,,,
1,,,,
것이다,,,,
1,,,,
것이다,,,,
1,,,,
것이다,,,,
1,,,,
것이다,,,,
1,,,,
것이다,,,,
1,,,,
것이다,,,,
1,,,,
것이다,,,,
1,,,,
것이다,,,,
1,,,,
것이다,,,,
1,,,,
것이다,,,,
1,,,,
것이다,,,,
1,,,,
것이다,,,,
1,,,,
것이다,,,,
1,,,,
것이다,,,,
1,,,,
것이다,,,,
1,,,,
것이다,,,,
1,,,,
것이다,,,,
1,,,,
것이다,,,,
1,,,,
것이다,,,,
1,,,,
것이다,,,,
1,,,,
것이다,,,,
"""",,,,
귀양보내었다,,,,
이야기하였다,,,,
어렵다,,,,
폄직(貶職)시키었다,,,,
비난하였다,,,,
이러하였다,,,,
없겠다,,,,
없겠다,,,,
거행하라,,,,
"""",,,,
명하였다,,,,
바치라,,,,
"""",,,,
상언(上言)하였다,,,,
시행하옵소서,,,,
1,,,,
것입니다,,,,
것입니다,,,,
1,,,,
것입니다,,,,
1,,,,
1,,,,
것입니다,,,,
1,,,,
1,,,,
1,,,,
않습니다,,,,
하소서,,,,
말하였다,,,,
시행하라,,,,
"""",,,,
전하였다,,,,
편이다,,,,
한다,,,,
기뻐하였다,,,,
베었다,,,,
것입니다,,,,
하옵니다,,,,
징계하소서,,,,
것이었다,,,,
일렀다,,,,
있겠는가,,,,
되었다,,,,
하라,,,,
하였다,,,,
고하였다,,,,
염려되나이다,,,,
고하나이다,,,,
상주(上奏)하였다,,,,
어렵습니다,,,,
만합니다,,,,
바랍니다,,,,
엎드리었다,,,,
이러하였다,,,,
말하노라,,,,
염려된다,,,,
있다,,,,
하라,,,,
아아,,,,
것이다,,,,
들어왔다,,,,
말하였다,,,,
하라,,,,
하였다,,,,
이르렀다,,,,
하였다,,,,
치하(致賀)하였다,,,,
전달하였다,,,,
하라,,,,
"""",,,,
간절하였다,,,,
이러하였다,,,,
다스린다,,,,
보좌하라,,,,
하였습니다,,,,
같았습니다,,,,
것입니다,,,,
1,,,,
것입니다,,,,
된다,,,,
없었습니다,,,,
것입니다,,,,
1,,,,
것입니다,,,,
염려스럽습니다,,,,
것입니다,,,,
1,,,,
것입니다,,,,
다하였다,,,,
것뿐입니다,,,,
일입니다,,,,
것입니다,,,,
것입니다,,,,
1,,,,
것입니다,,,,
바입니다,,,,
근심입니다,,,,
있겠습니까,,,,
힘입겠습니까,,,,
것입니다,,,,
1,,,,
것입니다,,,,
떠들썩하옵니다,,,,
것입니다,,,,
1,,,,
것입니다,,,,
없습니다,,,,
것입니다,,,,
것입니다,,,,
하였다,,,,
이유인가,,,,
말하였다,,,,
것이다,,,,
"""",,,,
내리었다,,,,
아뢰었다,,,,
하소서,,,,
아니하였다,,,,
보고하였다,,,,
합니다,,,,
하였다,,,,
올리었다,,,,
되었습니다,,,,
못하였습니다,,,,
조치하겠습니까,,,,
있겠습니까,,,,
있겠습니까,,,,
아닙니다,,,,
하소서,,,,
처결(處決)하였다,,,,
물었다,,,,
이유인가,,,,
대답하였다,,,,
것뿐입니다,,,,
말하였다,,,,
잘못이다,,,,
하였다,,,,
것이다,,,,
따랐다,,,,
마땅하다,,,,
아니한가,,,,
않는가,,,,
뿐이었다,,,,
힐책(詰責)하였다,,,,
하라,,,,
것인가,,,,
것인가,,,,
못하겠는가,,,,
누구인가,,,,
진술하라,,,,
대답하였다,,,,
못합니다,,,,
말하였다,,,,
마땅하다,,,,
강경하였구나,,,,
주어라,,,,
힐난(詰難)하겠는가,,,,
것뿐이다,,,,
아니다,,,,
하라,,,,
의리이겠는가,,,,
사과(謝過)하였다,,,,
올리었다,,,,
마소서,,,,
따랐다,,,,
물었다,,,,
이유인가,,,,
대답하였다,,,,
까닭입니다,,,,
말하였다,,,,
있다,,,,
의리이겠는가,,,,
것이다,,,,
"""",,,,
올리었다,,,,
것입니다,,,,
하소서,,,,
윤허하였다,,,,
보았다,,,,
명하였다,,,,
하라,,,,
"""",,,,
명하였다,,,,
아니다,,,,
명하였다,,,,
하라,,,,
못하였다,,,,
물었다,,,,
어떠한가,,,,
대답하였다,,,,
"""그렇습니다",,,,
힐책(詰責)하였다,,,,
없는가,,,,
아뢰었다,,,,
쉽겠습니까,,,,
말하였다,,,,
"""그렇다",,,,
아뢰었다,,,,
만하겠습니다,,,,
말하였다,,,,
아뢰라,,,,
하였다,,,,
아뢰었다,,,,
않습니다,,,,
어렵습니다,,,,
적겠습니까,,,,
하소서,,,,
하였다,,,,
올리었다,,,,
있겠습니까,,,,
되었습니다,,,,
편입니다,,,,
없었습니다,,,,
청했었습니다,,,,
잊었겠습니까,,,,
정성입니다,,,,
경행(慶幸)하옵니다,,,,
되었습니다,,,,
것뿐이겠습니까,,,,
있겠습니까,,,,
한다,,,,
까닭입니다,,,,
꺼리겠습니까,,,,
거절하겠습니까,,,,
것입니다,,,,
허가하였다,,,,
연습하였다,,,,
올리었다,,,,
것입니다,,,,
많았다,,,,
상소(上疏)하였다,,,,
합니다,,,,
것입니다,,,,
알겠습니까,,,,
처리하겠습니까,,,,
결정되겠습니까,,,,
것입니다,,,,
보이소서,,,,
아뢰었다,,,,
아뢰었다,,,,
어찌하겠습니까,,,,
대답하였다,,,,
진휼하라,,,,
"""",,,,
말하였다,,,,
되겠습니다,,,,
것입니다,,,,
이유입니다,,,,
예(例)입니다,,,,
감손(減損)되었습니다,,,,
있겠습니까,,,,
하겠습니까,,,,
것입니다,,,,
바랍니다,,,,
주었다,,,,